"feature_ID","temperature","feature_frequency","isogloss_density","value_ID_up","value_ID_down","resampled","sample_size","neighbourhood_size","rep","hemisphere"
"48A",0.0271295971128646,0.88034188034188,0.111969111969112,"2:3:4","1",TRUE,157,10,1,"OW"
"48A",0.0337639186550257,0.846153846153846,0.142857142857143,"2:3:4","1",TRUE,154,10,2,"OW"
"48A",0.000260160599184064,0.863247863247863,0.0717299578059072,"2:3:4","1",TRUE,145,10,3,"OW"
"48A",0.0728595104122879,0.858974358974359,0.148936170212766,"2:3:4","1",TRUE,146,10,4,"OW"
"48A",0.0078956836407479,0.829059829059829,0.126865671641791,"2:3:4","1",TRUE,140,10,5,"OW"
"48A",0.0424094603569053,0.854700854700855,0.140939597315436,"2:3:4","1",TRUE,146,10,6,"OW"
"48A",0.23525407436792,0.876068376068376,0.158088235294118,"2:3:4","1",TRUE,144,10,7,"OW"
"48A",0.0858011975264928,0.897435897435897,0.115942028985507,"2:3:4","1",TRUE,148,10,8,"OW"
"48A",0.0307927761508949,0.897435897435897,0.0996563573883162,"2:3:4","1",TRUE,157,10,9,"OW"
"48A",0.0419239550069576,0.837606837606838,0.154109589041096,"2:3:4","1",TRUE,148,10,10,"OW"
"48A",0.0178823768351595,0.837606837606838,0.136200716845878,"2:3:4","1",TRUE,151,10,11,"OW"
"48A",0.0405005336870817,0.88034188034188,0.118705035971223,"2:3:4","1",TRUE,151,10,12,"OW"
"48A",0.0343125935102153,0.841880341880342,0.146428571428571,"2:3:4","1",TRUE,148,10,13,"OW"
"48A",0.0777121722778646,0.876068376068376,0.134751773049645,"2:3:4","1",TRUE,145,10,14,"OW"
"48A",0.084623844039037,0.858974358974359,0.152249134948097,"2:3:4","1",TRUE,151,10,15,"OW"
"48A",0.39587653101463,0.88034188034188,0.164233576642336,"2:3:4","1",TRUE,145,10,16,"OW"
"48A",0.0413486796488236,0.871794871794872,0.126353790613718,"2:3:4","1",TRUE,148,10,17,"OW"
"48A",0.0410640089714036,0.88034188034188,0.118959107806691,"2:3:4","1",TRUE,151,10,18,"OW"
"48A",0.16051682174439,0.901709401709402,0.122302158273381,"2:3:4","1",TRUE,149,10,19,"OW"
"48A",0.0239573040010328,0.893162393162393,0.0996168582375479,"2:3:4","1",TRUE,155,10,20,"OW"
"48A",0.0953889239737762,0.867521367521368,0.147058823529412,"2:3:4","1",TRUE,147,10,21,"OW"
"48A",0.0830791317629061,0.824786324786325,0.181132075471698,"2:3:4","1",TRUE,150,10,22,"OW"
"48A",0.0475847450486935,0.854700854700855,0.143356643356643,"2:3:4","1",TRUE,147,10,23,"OW"
"48A",0.0367668603599628,0.88034188034188,0.117056856187291,"2:3:4","1",TRUE,149,10,24,"OW"
"48A",0.0880023864360158,0.897435897435897,0.116363636363636,"2:3:4","1",TRUE,145,10,25,"OW"
"48A",0.021253611770865,0.888888888888889,0.101351351351351,"2:3:4","1",TRUE,149,10,26,"OW"
"48A",0.0687834172556711,0.888888888888889,0.120401337792642,"2:3:4","1",TRUE,149,10,27,"OW"
"48A",0.0777121722778646,0.863247863247863,0.146520146520147,"2:3:4","1",TRUE,142,10,28,"OW"
"48A",0.0300917776953267,0.829059829059829,0.152941176470588,"2:3:4","1",TRUE,143,10,29,"OW"
"48A",0.0641919765090258,0.88034188034188,0.127090301003344,"2:3:4","1",TRUE,148,10,30,"OW"
"48A",0.0329193874292786,0.901709401709402,0.0968992248062016,"2:3:4","1",TRUE,147,10,31,"OW"
"48A",0.121481025897885,0.858974358974359,0.160583941605839,"2:3:4","1",TRUE,142,10,32,"OW"
"48A",0.0183834256360753,0.867521367521368,0.115537848605578,"2:3:4","1",TRUE,153,10,33,"OW"
"48A",0.140447738798657,0.914529914529915,0.10580204778157,"2:3:4","1",TRUE,152,10,34,"OW"
"48A",0.00537493278070595,0.85042735042735,0.108303249097473,"2:3:4","1",TRUE,148,10,35,"OW"
"48A",0.0518169023668504,0.884615384615385,0.119298245614035,"2:3:4","1",TRUE,147,10,36,"OW"
"48A",0.0149767486682285,0.858974358974359,0.118320610687023,"2:3:4","1",TRUE,141,10,37,"OW"
"48A",0.0284083064718684,0.88034188034188,0.112727272727273,"2:3:4","1",TRUE,159,10,38,"OW"
"48A",0.0179236040986379,0.841880341880342,0.133333333333333,"2:3:4","1",TRUE,146,10,39,"OW"
"48A",0.00646220956980985,0.833333333333333,0.121107266435986,"2:3:4","1",TRUE,145,10,40,"OW"
"48A",0.0771771521293616,0.871794871794872,0.138576779026217,"2:3:4","1",TRUE,158,10,41,"OW"
"48A",0.0217487220690158,0.837606837606838,0.140065146579805,"2:3:4","1",TRUE,150,10,42,"OW"
"48A",0.0326927493745853,0.867521367521368,0.125506072874494,"2:3:4","1",TRUE,146,10,43,"OW"
"48A",0.168470029637475,0.867521367521368,0.159722222222222,"2:3:4","1",TRUE,149,10,44,"OW"
"48A",0.220056526451474,0.893162393162393,0.13768115942029,"2:3:4","1",TRUE,152,10,45,"OW"
"48A",0.104592838718357,0.854700854700855,0.161048689138577,"2:3:4","1",TRUE,158,10,46,"OW"
"48A",0.239628215611031,0.901709401709402,0.129370629370629,"2:3:4","1",TRUE,149,10,47,"OW"
"48A",0.0188116739472724,0.863247863247863,0.119047619047619,"2:3:4","1",TRUE,146,10,48,"OW"
"48A",0.353634685672753,0.901709401709402,0.136200716845878,"2:3:4","1",TRUE,155,10,49,"OW"
"48A",0.177633532513537,0.888888888888889,0.138263665594855,"2:3:4","1",TRUE,150,10,50,"OW"
"48A",3.66147746561279,0.927350427350427,0.127413127413127,"2:3:4","1",TRUE,154,10,51,"OW"
"48A",0.0811878328825989,0.871794871794872,0.139622641509434,"2:3:4","1",TRUE,144,10,52,"OW"
"48A",0.0529020311908797,0.876068376068376,0.127272727272727,"2:3:4","1",TRUE,151,10,53,"OW"
"48A",0.145383878832736,0.918803418803419,0.101503759398496,"2:3:4","1",TRUE,144,10,54,"OW"
"48A",0.016843123856664,0.863247863247863,0.117216117216117,"2:3:4","1",TRUE,149,10,55,"OW"
"48A",0.0498275744790913,0.837606837606838,0.158088235294118,"2:3:4","1",TRUE,146,10,56,"OW"
"48A",0.00283364365436463,0.85042735042735,0.1,"2:3:4","1",TRUE,143,10,57,"OW"
"48A",0.0246285670301896,0.871794871794872,0.117154811715481,"2:3:4","1",TRUE,148,10,58,"OW"
"48A",0.0216986963995063,0.854700854700855,0.12781954887218,"2:3:4","1",TRUE,151,10,59,"OW"
"48A",0.028539446400919,0.858974358974359,0.129707112970711,"2:3:4","1",TRUE,150,10,60,"OW"
"48A",0.00259621965899838,0.841880341880342,0.103559870550162,"2:3:4","1",TRUE,148,10,61,"OW"
"48A",0.0291371080614371,0.88034188034188,0.113138686131387,"2:3:4","1",TRUE,157,10,62,"OW"
"48A",0.02029694818689,0.841880341880342,0.135714285714286,"2:3:4","1",TRUE,141,10,63,"OW"
"48A",0.0107251417378789,0.846153846153846,0.121428571428571,"2:3:4","1",TRUE,147,10,64,"OW"
"48A",0.0108243902231601,0.858974358974359,0.113138686131387,"2:3:4","1",TRUE,142,10,65,"OW"
"48A",0.0429994941307113,0.846153846153846,0.148026315789474,"2:3:4","1",TRUE,145,10,66,"OW"
"48A",0.225182819977301,0.871794871794872,0.161764705882353,"2:3:4","1",TRUE,149,10,67,"OW"
"48A",0.148770646991072,0.854700854700855,0.169550173010381,"2:3:4","1",TRUE,141,10,68,"OW"
"48A",0.0166503030408974,0.846153846153846,0.129032258064516,"2:3:4","1",TRUE,140,10,69,"OW"
"48A",0.067062949193906,0.863247863247863,0.143344709897611,"2:3:4","1",TRUE,148,10,70,"OW"
"48A",0.0856038405352472,0.854700854700855,0.156363636363636,"2:3:4","1",TRUE,149,10,71,"OW"
"48A",0.0126885016658804,0.871794871794872,0.106666666666667,"2:3:4","1",TRUE,155,10,72,"OW"
"48A",0.0288035451788448,0.884615384615385,0.109433962264151,"2:3:4","1",TRUE,148,10,73,"OW"
"48A",0.504162172222157,0.897435897435897,0.147766323024055,"2:3:4","1",TRUE,156,10,74,"OW"
"48A",0.164634804453273,0.901709401709402,0.122743682310469,"2:3:4","1",TRUE,139,10,75,"OW"
"48A",0.00755766850223231,0.88034188034188,0.09375,"2:3:4","1",TRUE,151,10,76,"OW"
"48A",0.0541344024564357,0.863247863247863,0.138888888888889,"2:3:4","1",TRUE,141,10,77,"OW"
"48A",0.123171165492993,0.88034188034188,0.139931740614334,"2:3:4","1",TRUE,147,10,78,"OW"
"48A",0.0512237002108903,0.858974358974359,0.141342756183746,"2:3:4","1",TRUE,149,10,79,"OW"
"48A",0.00487942713346111,0.888888888888889,0.0830449826989619,"2:3:4","1",TRUE,150,10,80,"OW"
"48A",0.0710370877170873,0.923076923076923,0.0869565217391304,"2:3:4","1",TRUE,139,10,81,"OW"
"48A",0.0270049354992308,0.85042735042735,0.135135135135135,"2:3:4","1",TRUE,147,10,82,"OW"
"48A",0.159045048176379,0.876068376068376,0.14963503649635,"2:3:4","1",TRUE,146,10,83,"OW"
"48A",0.0183834256360753,0.867521367521368,0.115523465703971,"2:3:4","1",TRUE,149,10,84,"OW"
"48A",0.0742142065649625,0.876068376068376,0.133858267716535,"2:3:4","1",TRUE,151,10,85,"OW"
"48A",0.104352257834285,0.871794871794872,0.144876325088339,"2:3:4","1",TRUE,155,10,86,"OW"
"48A",0.414535526321947,0.888888888888889,0.154882154882155,"2:3:4","1",TRUE,147,10,87,"OW"
"48A",0.130470267003061,0.85042735042735,0.17037037037037,"2:3:4","1",TRUE,150,10,88,"OW"
"48A",0.754375818714343,0.91025641025641,0.137184115523466,"2:3:4","1",TRUE,135,10,89,"OW"
"48A",0.642067604382362,0.918803418803419,0.123134328358209,"2:3:4","1",TRUE,149,10,90,"OW"
"48A",0.309420479571936,0.905982905982906,0.128676470588235,"2:3:4","1",TRUE,145,10,91,"OW"
"48A",0.0247993012335951,0.854700854700855,0.130281690140845,"2:3:4","1",TRUE,144,10,92,"OW"
"48A",0.00306442244673296,0.867521367521368,0.0912162162162162,"2:3:4","1",TRUE,152,10,93,"OW"
"48A",0.00826783382510758,0.858974358974359,0.109090909090909,"2:3:4","1",TRUE,149,10,94,"OW"
"48A",0.0465014769268367,0.893162393162393,0.109756097560976,"2:3:4","1",TRUE,151,10,95,"OW"
"48A",0.0815626164570632,0.863247863247863,0.14760147601476,"2:3:4","1",TRUE,155,10,96,"OW"
"48A",0.00807961634468643,0.854700854700855,0.111510791366906,"2:3:4","1",TRUE,143,10,97,"OW"
"48A",0.00473551849091865,0.871794871794872,0.0936329588014981,"2:3:4","1",TRUE,151,10,98,"OW"
"48A",0.0522964064328629,0.863247863247863,0.138181818181818,"2:3:4","1",TRUE,151,10,99,"OW"
"48A",0.0488055090483023,0.854700854700855,0.143859649122807,"2:3:4","1",TRUE,153,10,100,"OW"
"48A",0.573556039996782,0.897435897435897,0.15,"2:3:4","1",TRUE,152,10,101,"OW"
"48A",0.000635741157102955,0.846153846153846,0.0865051903114187,"2:3:4","1",TRUE,155,10,102,"OW"
"48A",0.0106268032587623,0.858974358974359,0.11284046692607,"2:3:4","1",TRUE,148,10,103,"OW"
"48A",0.0382347492031195,0.811965811965812,0.170648464163823,"2:3:4","1",TRUE,138,10,104,"OW"
"48A",0.135367108194852,0.905982905982906,0.114695340501792,"2:3:4","1",TRUE,140,10,105,"OW"
"48A",0.00987187028014275,0.863247863247863,0.108870967741935,"2:3:4","1",TRUE,145,10,106,"OW"
"48A",0.054259207637195,0.884615384615385,0.120141342756184,"2:3:4","1",TRUE,150,10,107,"OW"
"48A",0.0209619723222229,0.863247863247863,0.120915032679739,"2:3:4","1",TRUE,146,10,108,"OW"
"48A",0.00116226866863755,0.824786324786325,0.102473498233216,"2:3:4","1",TRUE,144,10,109,"OW"
"48A",0.0390354460133243,0.888888888888889,0.110726643598616,"2:3:4","1",TRUE,145,10,110,"OW"
"48A",0.105317914398911,0.888888888888889,0.128205128205128,"2:3:4","1",TRUE,147,10,111,"OW"
"48A",0.0291371080614371,0.88034188034188,0.113138686131387,"2:3:4","1",TRUE,150,10,112,"OW"
"48A",0.0468238421140012,0.888888888888889,0.11371237458194,"2:3:4","1",TRUE,152,10,113,"OW"
"48A",0.051460161768992,0.867521367521368,0.134185303514377,"2:3:4","1",TRUE,146,10,114,"OW"
"48A",0.0958292633771311,0.888888888888889,0.126436781609195,"2:3:4","1",TRUE,151,10,115,"OW"
"48A",0.141096081089656,0.876068376068376,0.147058823529412,"2:3:4","1",TRUE,147,10,116,"OW"
"48A",0.0500575911676407,0.858974358974359,0.140845070422535,"2:3:4","1",TRUE,149,10,117,"OW"
"48A",0.011334580220685,0.871794871794872,0.105058365758755,"2:3:4","1",TRUE,146,10,118,"OW"
"48A",0.0249712190287287,0.854700854700855,0.130434782608696,"2:3:4","1",TRUE,146,10,119,"OW"
"48A",0.0166120045811298,0.867521367521368,0.113879003558719,"2:3:4","1",TRUE,152,10,120,"OW"
"48A",0.0433974035257226,0.876068376068376,0.123636363636364,"2:3:4","1",TRUE,153,10,121,"OW"
"48A",0.0529020311908797,0.863247863247863,0.13840830449827,"2:3:4","1",TRUE,158,10,122,"OW"
"48A",0.0742142065649625,0.884615384615385,0.125850340136054,"2:3:4","1",TRUE,149,10,123,"OW"
"48A",0.117086507173428,0.905982905982906,0.11231884057971,"2:3:4","1",TRUE,151,10,124,"OW"
"48A",0.233634435306047,0.88034188034188,0.153225806451613,"2:3:4","1",TRUE,151,10,125,"OW"
"48A",0.052537819874245,0.888888888888889,0.115671641791045,"2:3:4","1",TRUE,150,10,126,"OW"
"48A",0.0173549730015962,0.888888888888889,0.0984848484848485,"2:3:4","1",TRUE,147,10,127,"OW"
"48A",0.0269428196666719,0.841880341880342,0.141342756183746,"2:3:4","1",TRUE,147,10,128,"OW"
"48A",0.00538732452101941,0.876068376068376,0.0924657534246575,"2:3:4","1",TRUE,148,10,129,"OW"
"48A",0.0646369786872222,0.884615384615385,0.123287671232877,"2:3:4","1",TRUE,147,10,130,"OW"
"48A",0.292110087391652,0.914529914529915,0.1171875,"2:3:4","1",TRUE,144,10,131,"OW"
"48A",0.0029197558324779,0.833333333333333,0.10958904109589,"2:3:4","1",TRUE,141,10,132,"OW"
"48A",0.171602437468647,0.888888888888889,0.13758389261745,"2:3:4","1",TRUE,137,10,133,"OW"
"48A",0.073364599094691,0.888888888888889,0.121527777777778,"2:3:4","1",TRUE,148,10,134,"OW"
"48A",0.0689419952843237,0.854700854700855,0.151408450704225,"2:3:4","1",TRUE,143,10,135,"OW"
"48A",0.0178412444012279,0.88034188034188,0.105442176870748,"2:3:4","1",TRUE,153,10,136,"OW"
"48A",0.104352257834285,0.876068376068376,0.140740740740741,"2:3:4","1",TRUE,149,10,137,"OW"
"48A",5.46605210625198,0.927350427350427,0.129496402877698,"2:3:4","1",TRUE,152,10,138,"OW"
"48A",0.0216487857973374,0.85042735042735,0.130872483221477,"2:3:4","1",TRUE,148,10,139,"OW"
"48A",0.0351928667752631,0.871794871794872,0.123376623376623,"2:3:4","1",TRUE,148,10,140,"OW"
"48A",0.371156401732145,0.888888888888889,0.152727272727273,"2:3:4","1",TRUE,156,10,141,"OW"
"48A",0.0715295427011208,0.914529914529915,0.0958466453674121,"2:3:4","1",TRUE,144,10,142,"OW"
"48A",0.0543843005524158,0.863247863247863,0.138983050847458,"2:3:4","1",TRUE,150,10,143,"OW"
"48A",0.0361789405987307,0.854700854700855,0.13768115942029,"2:3:4","1",TRUE,152,10,144,"OW"
"48A",0.0117871046866012,0.833333333333333,0.13125,"2:3:4","1",TRUE,138,10,145,"OW"
"48A",0.0810010873955265,0.901709401709402,0.11070110701107,"2:3:4","1",TRUE,149,10,146,"OW"
"48A",0.664633546943533,0.88034188034188,0.174545454545455,"2:3:4","1",TRUE,143,10,147,"OW"
"48A",0.00855841298208307,0.876068376068376,0.0982456140350877,"2:3:4","1",TRUE,155,10,148,"OW"
"48A",0.0194280334652529,0.863247863247863,0.119601328903654,"2:3:4","1",TRUE,145,10,149,"OW"
"48A",0.0473660911896831,0.867521367521368,0.132575757575758,"2:3:4","1",TRUE,147,10,150,"OW"
"48A",0.16808252061519,0.884615384615385,0.141791044776119,"2:3:4","1",TRUE,141,10,151,"OW"
"48A",0.0293390971145684,0.858974358974359,0.130252100840336,"2:3:4","1",TRUE,147,10,152,"OW"
"48A",0.0479146198453141,0.85042735042735,0.146953405017921,"2:3:4","1",TRUE,154,10,153,"OW"
"48A",0.183876594870646,0.863247863247863,0.166101694915254,"2:3:4","1",TRUE,140,10,154,"OW"
"48A",NA,0.914529914529915,0.169811320754717,"2:3:4","1",TRUE,148,10,155,"OW"
"48A",0.021499741751177,0.846153846153846,0.133828996282528,"2:3:4","1",TRUE,153,10,156,"OW"
"48A",0.0121733060519546,0.858974358974359,0.114982578397213,"2:3:4","1",TRUE,148,10,157,"OW"
"48A",0.0994259501553776,0.871794871794872,0.143859649122807,"2:3:4","1",TRUE,145,10,158,"OW"
"48A",0.162750058038748,0.867521367521368,0.158914728682171,"2:3:4","1",TRUE,151,10,159,"OW"
"48A",0.139159978005711,0.893162393162393,0.129032258064516,"2:3:4","1",TRUE,143,10,160,"OW"
"48A",0.515906805844732,0.871794871794872,0.179930795847751,"2:3:4","1",TRUE,144,10,161,"OW"
"48A",0.00618556162363542,0.871794871794872,0.0968858131487889,"2:3:4","1",TRUE,149,10,162,"OW"
"48A",0.0582742305267491,0.876068376068376,0.129151291512915,"2:3:4","1",TRUE,140,10,163,"OW"
"48A",0.0106268032587623,0.837606837606838,0.126712328767123,"2:3:4","1",TRUE,147,10,164,"OW"
"48A",0.0148736391802075,0.85042735042735,0.124113475177305,"2:3:4","1",TRUE,150,10,165,"OW"
"48A",0.163125273234453,0.871794871794872,0.154605263157895,"2:3:4","1",TRUE,149,10,166,"OW"
"48A",0.0545096818654611,0.88034188034188,0.12406015037594,"2:3:4","1",TRUE,158,10,167,"OW"
"48A",0.0428019096881015,0.846153846153846,0.147909967845659,"2:3:4","1",TRUE,149,10,168,"OW"
"48A",0.0298846067091174,0.888888888888889,0.106463878326996,"2:3:4","1",TRUE,156,10,169,"OW"
"48A",0.296856973010485,0.867521367521368,0.172661870503597,"2:3:4","1",TRUE,152,10,170,"OW"
"48A",0.0871954953895146,0.85042735042735,0.160583941605839,"2:3:4","1",TRUE,150,10,171,"OW"
"48A",0.0337639186550257,0.893162393162393,0.10472972972973,"2:3:4","1",TRUE,152,10,172,"OW"
"48A",0.0422145871437338,0.888888888888889,0.112,"2:3:4","1",TRUE,142,10,173,"OW"
"48A",0.540223232596773,0.888888888888889,0.159851301115242,"2:3:4","1",TRUE,148,10,174,"OW"
"48A",0.00350230880069139,0.82051282051282,0.118811881188119,"2:3:4","1",TRUE,142,10,175,"OW"
"48A",0.0109749876549306,0.854700854700855,0.116197183098592,"2:3:4","1",TRUE,140,10,176,"OW"
"48A",0.109775152829831,0.824786324786325,0.188741721854305,"2:3:4","1",TRUE,147,10,177,"OW"
"48A",0.023304336557395,0.88034188034188,0.109540636042403,"2:3:4","1",TRUE,153,10,178,"OW"
"48A",0.0290032218524952,0.833333333333333,0.149090909090909,"2:3:4","1",TRUE,148,10,179,"OW"
"48A",0.0625863533833989,0.846153846153846,0.156488549618321,"2:3:4","1",TRUE,147,10,180,"OW"
"48A",0.133509617372876,0.876068376068376,0.145907473309609,"2:3:4","1",TRUE,152,10,181,"OW"
"48A",0.0316555632238605,0.833333333333333,0.151006711409396,"2:3:4","1",TRUE,155,10,182,"OW"
"48A",0.00245662594320079,0.863247863247863,0.0912162162162162,"2:3:4","1",TRUE,149,10,183,"OW"
"48A",0.0326927493745853,0.858974358974359,0.132295719844358,"2:3:4","1",TRUE,139,10,184,"OW"
"48A",0.0395785378454205,0.876068376068376,0.121951219512195,"2:3:4","1",TRUE,151,10,185,"OW"
"48A",0.199310396445051,0.893162393162393,0.135761589403974,"2:3:4","1",TRUE,148,10,186,"OW"
"48A",0.145719056842539,0.901709401709402,0.120622568093385,"2:3:4","1",TRUE,151,10,187,"OW"
"48A",0.0650850657827148,0.893162393162393,0.115384615384615,"2:3:4","1",TRUE,150,10,188,"OW"
"48A",0.0245719172394187,0.867521367521368,0.12043795620438,"2:3:4","1",TRUE,153,10,189,"OW"
"48A",0.0169989870210895,0.841880341880342,0.132352941176471,"2:3:4","1",TRUE,149,10,190,"OW"
"48A",0.053391576839069,0.867521367521368,0.134920634920635,"2:3:4","1",TRUE,144,10,191,"OW"
"48A",0.0330713516491852,0.88034188034188,0.115254237288136,"2:3:4","1",TRUE,147,10,192,"OW"
"48A",0.296856973010485,0.893162393162393,0.143344709897611,"2:3:4","1",TRUE,149,10,193,"OW"
"48A",0.00622844219135713,0.871794871794872,0.096989966555184,"2:3:4","1",TRUE,153,10,194,"OW"
"48A",1.2782348706549,0.888888888888889,0.174377224199288,"2:3:4","1",TRUE,147,10,195,"OW"
"48A",0.147067514142375,0.897435897435897,0.125448028673835,"2:3:4","1",TRUE,155,10,196,"OW"
"48A",0.104833974254172,0.837606837606838,0.176470588235294,"2:3:4","1",TRUE,145,10,197,"OW"
"48A",0.0786121273367491,0.884615384615385,0.126923076923077,"2:3:4","1",TRUE,153,10,198,"OW"
"48A",0.18472541574736,0.897435897435897,0.129568106312292,"2:3:4","1",TRUE,148,10,199,"OW"
"48A",0.114684823514433,0.893162393162393,0.125435540069686,"2:3:4","1",TRUE,149,10,200,"OW"
"48A",0.0932173923114068,0.88034188034188,0.134328358208955,"2:3:4","1",TRUE,145,10,201,"OW"
"48A",0.0412535708246728,0.858974358974359,0.136882129277567,"2:3:4","1",TRUE,148,10,202,"OW"
"48A",0.0129244223342009,0.846153846153846,0.124555160142349,"2:3:4","1",TRUE,151,10,203,"OW"
"48A",0.260940598503854,0.901709401709402,0.130872483221477,"2:3:4","1",TRUE,150,10,204,"OW"
"48A",0.0242906168602624,0.85042735042735,0.133064516129032,"2:3:4","1",TRUE,137,10,205,"OW"
"48A",0.0421174865886653,0.905982905982906,0.096551724137931,"2:3:4","1",TRUE,143,10,206,"OW"
"48A",0.051460161768992,0.829059829059829,0.165467625899281,"2:3:4","1",TRUE,147,10,207,"OW"
"48A",0.0381468029356862,0.841880341880342,0.148698884758364,"2:3:4","1",TRUE,152,10,208,"OW"
"48A",0.293458541449392,0.914529914529915,0.117241379310345,"2:3:4","1",TRUE,140,10,209,"OW"
"48A",0.189028658728023,0.897435897435897,0.13,"2:3:4","1",TRUE,150,10,210,"OW"
"48A",0.363543225060549,0.88034188034188,0.162454873646209,"2:3:4","1",TRUE,152,10,211,"OW"
"48A",0.0316555632238605,0.85042735042735,0.138297872340426,"2:3:4","1",TRUE,155,10,212,"OW"
"48A",0.100346019576532,0.88034188034188,0.135802469135802,"2:3:4","1",TRUE,158,10,213,"OW"
"48A",0.227790576421012,0.85042735042735,0.184397163120567,"2:3:4","1",TRUE,148,10,214,"OW"
"48A",0.0416353237671377,0.876068376068376,0.122866894197952,"2:3:4","1",TRUE,153,10,215,"OW"
"48A",0.0202502618382013,0.884615384615385,0.104026845637584,"2:3:4","1",TRUE,147,10,216,"OW"
"48A",0.0139127935721539,0.867521367521368,0.111111111111111,"2:3:4","1",TRUE,149,10,217,"OW"
"48A",0.106537561039537,0.867521367521368,0.149425287356322,"2:3:4","1",TRUE,148,10,218,"OW"
"48A",0.00817318330324792,0.88034188034188,0.0947368421052632,"2:3:4","1",TRUE,148,10,219,"OW"
"48A",0.161257807999091,0.893162393162393,0.131756756756757,"2:3:4","1",TRUE,151,10,220,"OW"
"48A",0.0904681375276046,0.876068376068376,0.137809187279152,"2:3:4","1",TRUE,160,10,221,"OW"
"48A",0.0892267448630224,0.893162393162393,0.120879120879121,"2:3:4","1",TRUE,145,10,222,"OW"
"48A",0.0262084806074279,0.876068376068376,0.114814814814815,"2:3:4","1",TRUE,143,10,223,"OW"
"48A",0.0600451380686356,0.88034188034188,0.125850340136054,"2:3:4","1",TRUE,149,10,224,"OW"
"48A",0.00634424926480631,0.863247863247863,0.102661596958175,"2:3:4","1",TRUE,152,10,225,"OW"
"48A",0.0994259501553776,0.888888888888889,0.127147766323024,"2:3:4","1",TRUE,144,10,226,"OW"
"48A",0.0100554205759454,0.854700854700855,0.114814814814815,"2:3:4","1",TRUE,149,10,227,"OW"
"48A",0.0716944518365569,0.858974358974359,0.148550724637681,"2:3:4","1",TRUE,145,10,228,"OW"
"48A",0.104833974254172,0.901709401709402,0.114982578397213,"2:3:4","1",TRUE,141,10,229,"OW"
"48A",0.111302431110414,0.884615384615385,0.133561643835616,"2:3:4","1",TRUE,141,10,230,"OW"
"48A",0.0716944518365569,0.871794871794872,0.137071651090343,"2:3:4","1",TRUE,150,10,231,"OW"
"48A",0.0294745338086855,0.876068376068376,0.116788321167883,"2:3:4","1",TRUE,145,10,232,"OW"
"48A",0.0731958483434347,0.876068376068376,0.133561643835616,"2:3:4","1",TRUE,150,10,233,"OW"
"48A",0.0389456580103685,0.863247863247863,0.132295719844358,"2:3:4","1",TRUE,148,10,234,"OW"
"48A",0.0389456580103685,0.88034188034188,0.118055555555556,"2:3:4","1",TRUE,149,10,235,"OW"
"48A",0.0236830397410083,0.888888888888889,0.102941176470588,"2:3:4","1",TRUE,143,10,236,"OW"
"48A",0.00315028492500354,0.88034188034188,0.0838709677419355,"2:3:4","1",TRUE,150,10,237,"OW"
"48A",0.0768225199437053,0.888888888888889,0.122377622377622,"2:3:4","1",TRUE,147,10,238,"OW"
"48A",0.0152903857427699,0.858974358974359,0.11864406779661,"2:3:4","1",TRUE,157,10,239,"OW"
"48A",0.102447425744121,0.854700854700855,0.160583941605839,"2:3:4","1",TRUE,160,10,240,"OW"
"48A",0.249769701015962,0.884615384615385,0.149812734082397,"2:3:4","1",TRUE,153,10,241,"OW"
"48A",0.0356824976222417,0.88034188034188,0.116541353383459,"2:3:4","1",TRUE,148,10,242,"OW"
"48A",0.105804088533779,0.871794871794872,0.145214521452145,"2:3:4","1",TRUE,156,10,243,"OW"
"48A",0.2894317394098,0.897435897435897,0.137809187279152,"2:3:4","1",TRUE,149,10,244,"OW"
"48A",0.0120616894008905,0.863247863247863,0.111913357400722,"2:3:4","1",TRUE,143,10,245,"OW"
"48A",0.00842155984674082,0.893162393162393,0.0861423220973783,"2:3:4","1",TRUE,143,10,246,"OW"
"48A",0.0449226374864167,0.888888888888889,0.113013698630137,"2:3:4","1",TRUE,155,10,247,"OW"
"48A",0.114949225807237,0.893162393162393,0.125475285171103,"2:3:4","1",TRUE,156,10,248,"OW"
"48A",0.0466086846352453,0.884615384615385,0.11744966442953,"2:3:4","1",TRUE,149,10,249,"OW"
"48A",0.0593577387118569,0.846153846153846,0.155234657039711,"2:3:4","1",TRUE,140,10,250,"OW"
"48A",0.00991744133061763,0.884615384615385,0.0942028985507246,"2:3:4","1",TRUE,146,10,251,"OW"
"48A",0.12288785137465,0.871794871794872,0.148409893992933,"2:3:4","1",TRUE,149,10,252,"OW"
"48A",0.020531999410724,0.858974358974359,0.123711340206186,"2:3:4","1",TRUE,149,10,253,"OW"
"48A",0.0211559505513533,0.884615384615385,0.104693140794224,"2:3:4","1",TRUE,150,10,254,"OW"
"48A",0.0581401901271338,0.863247863247863,0.140350877192982,"2:3:4","1",TRUE,152,10,255,"OW"
"48A",0.074900971156791,0.876068376068376,0.134020618556701,"2:3:4","1",TRUE,148,10,256,"OW"
"48A",0.0550141044167453,0.858974358974359,0.142857142857143,"2:3:4","1",TRUE,152,10,257,"OW"
"48A",0.0114131556620634,0.867521367521368,0.108108108108108,"2:3:4","1",TRUE,149,10,258,"OW"
"48A",0.167695902927956,0.905982905982906,0.118279569892473,"2:3:4","1",TRUE,152,10,259,"OW"
"48A",0.383317243000617,0.893162393162393,0.148148148148148,"2:3:4","1",TRUE,148,10,260,"OW"
"48A",0.055395482240398,0.893162393162393,0.112627986348123,"2:3:4","1",TRUE,147,10,261,"OW"
"48A",0.0371070941105699,0.829059829059829,0.157706093189964,"2:3:4","1",TRUE,148,10,262,"OW"
"48A",0.0603223216154253,0.833333333333333,0.166051660516605,"2:3:4","1",TRUE,149,10,263,"OW"
"48A",0.00371840795686362,0.88034188034188,0.0856164383561644,"2:3:4","1",TRUE,146,10,264,"OW"
"48A",0.0215989899978351,0.833333333333333,0.142857142857143,"2:3:4","1",TRUE,150,10,265,"OW"
"48A",0.101976675612714,0.884615384615385,0.131868131868132,"2:3:4","1",TRUE,151,10,266,"OW"
"48A",0.369450922813385,0.867521367521368,0.177606177606178,"2:3:4","1",TRUE,152,10,267,"OW"
"48A",0.00908648344327042,0.88034188034188,0.096085409252669,"2:3:4","1",TRUE,144,10,268,"OW"
"48A",0.350392220631091,0.876068376068376,0.166666666666667,"2:3:4","1",TRUE,146,10,269,"OW"
"48A",0.100346019576532,0.846153846153846,0.167808219178082,"2:3:4","1",TRUE,146,10,270,"OW"
"48A",0.40046102629172,0.876068376068376,0.169491525423729,"2:3:4","1",TRUE,147,10,271,"OW"
"48A",0.00687675795282322,0.858974358974359,0.106463878326996,"2:3:4","1",TRUE,147,10,272,"OW"
"48A",0.0227214291016838,0.871794871794872,0.115789473684211,"2:3:4","1",TRUE,150,10,273,"OW"
"48A",0.521881326003206,0.905982905982906,0.137323943661972,"2:3:4","1",TRUE,152,10,274,"OW"
"48A",0.0242906168602624,0.846153846153846,0.136200716845878,"2:3:4","1",TRUE,154,10,275,"OW"
"48A",0.129870750764461,0.876068376068376,0.145328719723183,"2:3:4","1",TRUE,148,10,276,"OW"
"48A",0.764871288532589,0.918803418803419,0.125475285171103,"2:3:4","1",TRUE,147,10,277,"OW"
"48A",0.0842349939980314,0.888888888888889,0.12406015037594,"2:3:4","1",TRUE,150,10,278,"OW"
"48A",0.0644883029110715,0.876068376068376,0.131086142322097,"2:3:4","1",TRUE,146,10,279,"OW"
"48A",0.0675278540011815,0.884615384615385,0.124087591240876,"2:3:4","1",TRUE,145,10,280,"OW"
"48A",0.0157913711847123,0.82051282051282,0.144927536231884,"2:3:4","1",TRUE,149,10,281,"OW"
"48A",0.0638970117389753,0.816239316239316,0.180851063829787,"2:3:4","1",TRUE,152,10,282,"OW"
"48A",0.0768225199437053,0.893162393162393,0.118243243243243,"2:3:4","1",TRUE,147,10,283,"OW"
"48A",0.649503144681553,0.931623931623932,0.105263157894737,"2:3:4","1",TRUE,147,10,284,"OW"
"48A",0.00336784996099786,0.867521367521368,0.0922509225092251,"2:3:4","1",TRUE,149,10,285,"OW"
"48A",0.0187252335324124,0.876068376068376,0.109433962264151,"2:3:4","1",TRUE,159,10,286,"OW"
"48A",1.37915780451428,0.901709401709402,0.15748031496063,"2:3:4","1",TRUE,152,10,287,"OW"
"48A",0.116012944760742,0.897435897435897,0.121212121212121,"2:3:4","1",TRUE,150,10,288,"OW"
"48A",2.26274421660784,0.876068376068376,0.2,"2:3:4","1",TRUE,143,10,289,"OW"
"48A",0.01067585927084,0.876068376068376,0.101214574898785,"2:3:4","1",TRUE,145,10,290,"OW"
"48A",0.0318016933115286,0.867521367521368,0.125,"2:3:4","1",TRUE,150,10,291,"OW"
"48A",0.104352257834285,0.863247863247863,0.153024911032028,"2:3:4","1",TRUE,153,10,292,"OW"
"48A",0.0175964290382506,0.854700854700855,0.124087591240876,"2:3:4","1",TRUE,137,10,293,"OW"
"48A",0.268870375863381,0.888888888888889,0.146428571428571,"2:3:4","1",TRUE,145,10,294,"OW"
"48A",0.00861774302029112,0.841880341880342,0.120567375886525,"2:3:4","1",TRUE,153,10,295,"OW"
"48A",0.067995981698032,0.876068376068376,0.132142857142857,"2:3:4","1",TRUE,154,10,296,"OW"
"48A",0.011545327069384,0.876068376068376,0.102310231023102,"2:3:4","1",TRUE,144,10,297,"OW"
"48A",0.0141063593008021,0.833333333333333,0.134545454545455,"2:3:4","1",TRUE,142,10,298,"OW"
"48A",0.0791570952564174,0.871794871794872,0.139097744360902,"2:3:4","1",TRUE,147,10,299,"OW"
"48A",0.0173949843519436,0.85042735042735,0.126865671641791,"2:3:4","1",TRUE,160,10,300,"OW"
"48A",0.112850958087866,0.867521367521368,0.150735294117647,"2:3:4","1",TRUE,143,10,301,"OW"
"48A",0.0318016933115286,0.893162393162393,0.103806228373702,"2:3:4","1",TRUE,154,10,302,"OW"
"48A",0.0917268014234756,0.884615384615385,0.129824561403509,"2:3:4","1",TRUE,149,10,303,"OW"
"48A",0.0989690838284696,0.91025641025641,0.105084745762712,"2:3:4","1",TRUE,141,10,304,"OW"
"48A",0.0134714065035536,0.88034188034188,0.101398601398601,"2:3:4","1",TRUE,151,10,305,"OW"
"48A",0.0270671945379093,0.88034188034188,0.111940298507463,"2:3:4","1",TRUE,154,10,306,"OW"
"48A",0.0215989899978351,0.863247863247863,0.121428571428571,"2:3:4","1",TRUE,152,10,307,"OW"
"48A",0.247479570672922,0.897435897435897,0.134948096885813,"2:3:4","1",TRUE,145,10,308,"OW"
"48A",0.0215493087369342,0.893162393162393,0.0981132075471698,"2:3:4","1",TRUE,144,10,309,"OW"
"48A",0.0226691660445986,0.858974358974359,0.125461254612546,"2:3:4","1",TRUE,154,10,310,"OW"
"48A",0.592348451843708,0.901709401709402,0.144981412639405,"2:3:4","1",TRUE,141,10,311,"OW"
"48A",0.000481136413810628,0.876068376068376,0.0701107011070111,"2:3:4","1",TRUE,150,10,312,"OW"
"48A",1.25490214311338,0.897435897435897,0.162264150943396,"2:3:4","1",TRUE,150,10,313,"OW"
"48A",0.0292042827576265,0.858974358974359,0.13013698630137,"2:3:4","1",TRUE,149,10,314,"OW"
"48A",0.420302870657715,0.88034188034188,0.165441176470588,"2:3:4","1",TRUE,149,10,315,"OW"
"48A",0.00822984278891172,0.884615384615385,0.0918727915194346,"2:3:4","1",TRUE,145,10,316,"OW"
"48A",0.0655362591812744,0.858974358974359,0.146616541353383,"2:3:4","1",TRUE,155,10,317,"OW"
"48A",0.11259138215898,0.901709401709402,0.116197183098592,"2:3:4","1",TRUE,147,10,318,"OW"
"48A",0.0223581025341845,0.876068376068376,0.112244897959184,"2:3:4","1",TRUE,143,10,319,"OW"
"48A",0.0512237002108903,0.85042735042735,0.148409893992933,"2:3:4","1",TRUE,155,10,320,"OW"
"48A",0.00951476003621078,0.88034188034188,0.0966666666666667,"2:3:4","1",TRUE,150,10,321,"OW"
"48A",0.128976637701815,0.914529914529915,0.104529616724739,"2:3:4","1",TRUE,147,10,322,"OW"
"48A",0.02029694818689,0.876068376068376,0.11070110701107,"2:3:4","1",TRUE,149,10,323,"OW"
"48A",0.0316555632238605,0.841880341880342,0.144694533762058,"2:3:4","1",TRUE,140,10,324,"OW"
"48A",0.0028012039783475,0.837606837606838,0.106761565836299,"2:3:4","1",TRUE,149,10,325,"OW"
"48A",0.053146240349348,0.867521367521368,0.134831460674157,"2:3:4","1",TRUE,154,10,326,"OW"
"48A",0.117086507173428,0.871794871794872,0.147368421052632,"2:3:4","1",TRUE,135,10,327,"OW"
"48A",0.115214237671301,0.867521367521368,0.151162790697674,"2:3:4","1",TRUE,146,10,328,"OW"
"48A",0.0797058410923374,0.863247863247863,0.147058823529412,"2:3:4","1",TRUE,152,10,329,"OW"
"48A",0.00463838332435618,0.863247863247863,0.0986394557823129,"2:3:4","1",TRUE,158,10,330,"OW"
"48A",0.480361460747596,0.871794871794872,0.178438661710037,"2:3:4","1",TRUE,147,10,331,"OW"
"48A",0.102211779665878,0.884615384615385,0.131944444444444,"2:3:4","1",TRUE,149,10,332,"OW"
"48A",0.0441026256990836,0.85042735042735,0.145161290322581,"2:3:4","1",TRUE,154,10,333,"OW"
"48A",0.0764695173075159,0.841880341880342,0.164835164835165,"2:3:4","1",TRUE,139,10,334,"OW"
"48A",0.135991997009751,0.893162393162393,0.128571428571429,"2:3:4","1",TRUE,153,10,335,"OW"
"48A",0.0608805332638392,0.854700854700855,0.148648648648649,"2:3:4","1",TRUE,148,10,336,"OW"
"48A",0.028018491181854,0.867521367521368,0.122743682310469,"2:3:4","1",TRUE,153,10,337,"OW"
"48A",0.328512315370283,0.888888888888889,0.15034965034965,"2:3:4","1",TRUE,153,10,338,"OW"
"48A",0.116548489861255,0.888888888888889,0.130111524163569,"2:3:4","1",TRUE,157,10,339,"OW"
"48A",0.188593861447551,0.888888888888889,0.139455782312925,"2:3:4","1",TRUE,143,10,340,"OW"
"48A",0.0520561022961649,0.884615384615385,0.119402985074627,"2:3:4","1",TRUE,143,10,341,"OW"
"48A",0.0308637679383573,0.863247863247863,0.127868852459016,"2:3:4","1",TRUE,143,10,342,"OW"
"48A",0.53774088464233,0.923076923076923,0.114864864864865,"2:3:4","1",TRUE,152,10,343,"OW"
"48A",0.0902600457999742,0.863247863247863,0.149825783972125,"2:3:4","1",TRUE,145,10,344,"OW"
"48A",0.0627306442740827,0.88034188034188,0.126666666666667,"2:3:4","1",TRUE,150,10,345,"OW"
"48A",0.017636997057979,0.854700854700855,0.124113475177305,"2:3:4","1",TRUE,159,10,346,"OW"
"48A",0.0279540440030464,0.846153846153846,0.138996138996139,"2:3:4","1",TRUE,149,10,347,"OW"
"48A",0.51235497441619,0.905982905982906,0.137037037037037,"2:3:4","1",TRUE,146,10,348,"OW"
"48A",0.0518169023668504,0.901709401709402,0.103585657370518,"2:3:4","1",TRUE,146,10,349,"OW"
"48A",0.0424094603569053,0.867521367521368,0.130434782608696,"2:3:4","1",TRUE,151,10,350,"OW"
"48A",0.0213517238192711,0.863247863247863,0.121212121212121,"2:3:4","1",TRUE,156,10,351,"OW"
"48A",0.0104088257962002,0.846153846153846,0.120915032679739,"2:3:4","1",TRUE,150,10,352,"OW"
"48A",0.0863960027010271,0.893162393162393,0.120300751879699,"2:3:4","1",TRUE,150,10,353,"OW"
"48A",0.011545327069384,0.85042735042735,0.11986301369863,"2:3:4","1",TRUE,145,10,354,"OW"
"48A",0.0537617067101656,0.85042735042735,0.149466192170818,"2:3:4","1",TRUE,148,10,355,"OW"
"48A",0.925969452529307,0.914529914529915,0.134020618556701,"2:3:4","1",TRUE,151,10,356,"OW"
"48A",0.00720088273496783,0.837606837606838,0.120274914089347,"2:3:4","1",TRUE,146,10,357,"OW"
"48A",0.0225650002950264,0.837606837606838,0.140794223826715,"2:3:4","1",TRUE,153,10,358,"OW"
"48A",0.00440924708479141,0.854700854700855,0.103092783505155,"2:3:4","1",TRUE,148,10,359,"OW"
"48A",0.09716251547314,0.901709401709402,0.11371237458194,"2:3:4","1",TRUE,153,10,360,"OW"
"48A",0.139802375667128,0.871794871794872,0.151202749140893,"2:3:4","1",TRUE,153,10,361,"OW"
"48A",0.68957873181116,0.918803418803419,0.124087591240876,"2:3:4","1",TRUE,145,10,362,"OW"
"48A",0.120922815591579,0.884615384615385,0.135231316725979,"2:3:4","1",TRUE,144,10,363,"OW"
"48A",0.0710370877170873,0.841880341880342,0.16304347826087,"2:3:4","1",TRUE,148,10,364,"OW"
"48A",0.0784313063998175,0.867521367521368,0.142857142857143,"2:3:4","1",TRUE,145,10,365,"OW"
"48A",0.0425072340484133,0.863247863247863,0.134020618556701,"2:3:4","1",TRUE,151,10,366,"OW"
"48A",0.0321699766053538,0.85042735042735,0.138613861386139,"2:3:4","1",TRUE,148,10,367,"OW"
"48A",0.0393966728375271,0.871794871794872,0.125448028673835,"2:3:4","1",TRUE,149,10,368,"OW"
"48A",0.71546016530924,0.888888888888889,0.164948453608247,"2:3:4","1",TRUE,142,10,369,"OW"
"48A",0.0180894658281186,0.901709401709402,0.0888888888888889,"2:3:4","1",TRUE,145,10,370,"OW"
"48A",0.131374734448428,0.85042735042735,0.17056856187291,"2:3:4","1",TRUE,144,10,371,"OW"
"48A",0.0131042370646864,0.876068376068376,0.104089219330855,"2:3:4","1",TRUE,159,10,372,"OW"
"48A",0.00456421334655933,0.85042735042735,0.106060606060606,"2:3:4","1",TRUE,144,10,373,"OW"
"48A",0.0457578959698525,0.88034188034188,0.120879120879121,"2:3:4","1",TRUE,153,10,374,"OW"
"48A",0.0930029768415917,0.884615384615385,0.130111524163569,"2:3:4","1",TRUE,152,10,375,"OW"
"48A",0.0637500380095877,0.914529914529915,0.0942028985507246,"2:3:4","1",TRUE,152,10,376,"OW"
"48A",0.0337639186550257,0.888888888888889,0.108391608391608,"2:3:4","1",TRUE,146,10,377,"OW"
"48A",0.0699011705558078,0.854700854700855,0.151724137931034,"2:3:4","1",TRUE,155,10,378,"OW"
"48A",0.0287372922455807,0.846153846153846,0.13953488372093,"2:3:4","1",TRUE,150,10,379,"OW"
"48A",0.0784313063998175,0.867521367521368,0.142857142857143,"2:3:4","1",TRUE,149,10,380,"OW"
"48A",0.0457578959698525,0.88034188034188,0.120879120879121,"2:3:4","1",TRUE,139,10,381,"OW"
"48A",0.0146021377695435,0.871794871794872,0.108771929824561,"2:3:4","1",TRUE,140,10,382,"OW"
"48A",0.096050194762629,0.905982905982906,0.109090909090909,"2:3:4","1",TRUE,151,10,383,"OW"
"48A",0.915368913892227,0.871794871794872,0.19140625,"2:3:4","1",TRUE,150,10,384,"OW"
"48A",0.037450476321609,0.871794871794872,0.124542124542125,"2:3:4","1",TRUE,153,10,385,"OW"
"48A",0.217036937840545,0.884615384615385,0.146953405017921,"2:3:4","1",TRUE,154,10,386,"OW"
"48A",0.0218491196718049,0.893162393162393,0.0983050847457627,"2:3:4","1",TRUE,153,10,387,"OW"
"48A",0.224664862126919,0.905982905982906,0.123239436619718,"2:3:4","1",TRUE,142,10,388,"OW"
"48A",0.538980629522924,0.914529914529915,0.126482213438735,"2:3:4","1",TRUE,143,10,389,"OW"
"48A",0.171207723388593,0.905982905982906,0.11864406779661,"2:3:4","1",TRUE,147,10,390,"OW"
"48A",0.048693248279226,0.854700854700855,0.143835616438356,"2:3:4","1",TRUE,142,10,391,"OW"
"48A",0.112074020130978,0.867521367521368,0.150537634408602,"2:3:4","1",TRUE,155,10,392,"OW"
"48A",0.182190636295305,0.905982905982906,0.11969111969112,"2:3:4","1",TRUE,140,10,393,"OW"
"48A",0.640590742354438,0.901709401709402,0.146258503401361,"2:3:4","1",TRUE,150,10,394,"OW"
"48A",0.0460751063827988,0.884615384615385,0.117241379310345,"2:3:4","1",TRUE,156,10,395,"OW"
"48A",0.040969554937046,0.867521367521368,0.129770992366412,"2:3:4","1",TRUE,142,10,396,"OW"
"48A",0.0310777268270976,0.893162393162393,0.103448275862069,"2:3:4","1",TRUE,147,10,397,"OW"
"48A",0.00435876983205365,0.846153846153846,0.107913669064748,"2:3:4","1",TRUE,147,10,398,"OW"
"48A",0.0213517238192711,0.867521367521368,0.118032786885246,"2:3:4","1",TRUE,145,10,399,"OW"
"48A",0.0192942784942487,0.837606837606838,0.13768115942029,"2:3:4","1",TRUE,152,10,400,"OW"
"48A",1.22069920256677,0.893162393162393,0.167832167832168,"2:3:4","1",TRUE,136,10,401,"OW"
"48A",0.0740435015755498,0.858974358974359,0.149305555555556,"2:3:4","1",TRUE,144,10,402,"OW"
"48A",0.0156826533158293,0.884615384615385,0.100334448160535,"2:3:4","1",TRUE,147,10,403,"OW"
"48A",0.0387667011113255,0.867521367521368,0.128712871287129,"2:3:4","1",TRUE,150,10,404,"OW"
"48A",0.0641919765090258,0.837606837606838,0.16412213740458,"2:3:4","1",TRUE,159,10,405,"OW"
"48A",0.101508088597507,0.867521367521368,0.148387096774194,"2:3:4","1",TRUE,148,10,406,"OW"
"48A",1.5798645782259,0.884615384615385,0.183333333333333,"2:3:4","1",TRUE,146,10,407,"OW"
"48A",0.011492275817041,0.867521367521368,0.108208955223881,"2:3:4","1",TRUE,153,10,408,"OW"
"48A",0.104833974254172,0.867521367521368,0.149090909090909,"2:3:4","1",TRUE,144,10,409,"OW"
"48A",0.0053134003160464,0.863247863247863,0.100358422939068,"2:3:4","1",TRUE,146,10,410,"OW"
"48A",0.0702238520418134,0.923076923076923,0.0868167202572347,"2:3:4","1",TRUE,148,10,411,"OW"
"48A",0.482578930766215,0.876068376068376,0.173431734317343,"2:3:4","1",TRUE,148,10,412,"OW"
"48A",0.163878300761086,0.893162393162393,0.132075471698113,"2:3:4","1",TRUE,141,10,413,"OW"
"48A",0.0185963170842986,0.841880341880342,0.134020618556701,"2:3:4","1",TRUE,150,10,414,"OW"
"48A",0.113633282061853,0.841880341880342,0.174721189591078,"2:3:4","1",TRUE,150,10,415,"OW"
"48A",0.01067585927084,0.88034188034188,0.0981818181818182,"2:3:4","1",TRUE,155,10,416,"OW"
"48A",0.0108493455180763,0.88034188034188,0.0984126984126984,"2:3:4","1",TRUE,151,10,417,"OW"
"48A",0.0906767090042394,0.888888888888889,0.12540192926045,"2:3:4","1",TRUE,137,10,418,"OW"
"48A",0.211608229371613,0.888888888888889,0.141732283464567,"2:3:4","1",TRUE,149,10,419,"OW"
"48A",0.0764695173075159,0.871794871794872,0.13840830449827,"2:3:4","1",TRUE,157,10,420,"OW"
"48A",0.050172997386802,0.858974358974359,0.140939597315436,"2:3:4","1",TRUE,154,10,421,"OW"
"48A",0.0242906168602624,0.888888888888889,0.103333333333333,"2:3:4","1",TRUE,155,10,422,"OW"
"48A",0.156862651572005,0.88034188034188,0.144876325088339,"2:3:4","1",TRUE,152,10,423,"OW"
"48A",0.0257300745246889,0.88034188034188,0.111111111111111,"2:3:4","1",TRUE,150,10,424,"OW"
"48A",0.0640443243117238,0.88034188034188,0.127035830618893,"2:3:4","1",TRUE,146,10,425,"OW"
"48A",0.0381468029356862,0.867521367521368,0.128378378378378,"2:3:4","1",TRUE,140,10,426,"OW"
"48A",0.220563859927319,0.923076923076923,0.102473498233216,"2:3:4","1",TRUE,141,10,427,"OW"
"48A",0.0197892640313174,0.888888888888889,0.100334448160535,"2:3:4","1",TRUE,151,10,428,"OW"
"48A",7.98344281892289e-05,0.871794871794872,0.0609756097560976,"2:3:4","1",TRUE,149,10,429,"OW"
"48A",0.0601835702664676,0.88034188034188,0.12589928057554,"2:3:4","1",TRUE,149,10,430,"OW"
"48A",0.0344709891218273,0.854700854700855,0.136690647482014,"2:3:4","1",TRUE,141,10,431,"OW"
"48A",0.0518169023668504,0.846153846153846,0.152173913043478,"2:3:4","1",TRUE,150,10,432,"OW"
"48A",0.153291668691168,0.858974358974359,0.166077738515901,"2:3:4","1",TRUE,152,10,433,"OW"
"48A",0.265180969610064,0.893162393162393,0.141221374045802,"2:3:4","1",TRUE,148,10,434,"OW"
"48A",0.0349505766390277,0.876068376068376,0.119741100323625,"2:3:4","1",TRUE,154,10,435,"OW"
"48A",0.0681527443185034,0.905982905982906,0.103678929765886,"2:3:4","1",TRUE,147,10,436,"OW"
"48A",0.0364297462016555,0.837606837606838,0.150943396226415,"2:3:4","1",TRUE,142,10,437,"OW"
"48A",0.0661427196471313,0.88034188034188,0.127659574468085,"2:3:4","1",TRUE,149,10,438,"OW"
"48A",0.0186821623882225,0.884615384615385,0.102836879432624,"2:3:4","1",TRUE,146,10,439,"OW"
"48A",0.0573423975836628,0.867521367521368,0.136363636363636,"2:3:4","1",TRUE,144,10,440,"OW"
"48A",0.0606007847115852,0.858974358974359,0.144927536231884,"2:3:4","1",TRUE,144,10,441,"OW"
"48A",0.104112230326167,0.897435897435897,0.119298245614035,"2:3:4","1",TRUE,149,10,442,"OW"
"48A",0.0162338318078079,0.863247863247863,0.11660777385159,"2:3:4","1",TRUE,155,10,443,"OW"
"48A",0.0247993012335951,0.854700854700855,0.130281690140845,"2:3:4","1",TRUE,158,10,444,"OW"
"48A",0.0731958483434347,0.846153846153846,0.160142348754448,"2:3:4","1",TRUE,147,10,445,"OW"
"48A",0.115214237671301,0.88034188034188,0.138576779026217,"2:3:4","1",TRUE,141,10,446,"OW"
"48A",0.00896179983419445,0.871794871794872,0.101754385964912,"2:3:4","1",TRUE,152,10,447,"OW"
"48A",0.0152201257919181,0.858974358974359,0.118577075098814,"2:3:4","1",TRUE,155,10,448,"OW"
"48A",0.00741971183709971,0.833333333333333,0.123287671232877,"2:3:4","1",TRUE,142,10,449,"OW"
"48A",0.0097588566790579,0.871794871794872,0.102941176470588,"2:3:4","1",TRUE,150,10,450,"OW"
"48A",2.67696543911296,0.901709401709402,0.164912280701754,"2:3:4","1",TRUE,148,10,451,"OW"
"48A",0.0574745986973882,0.923076923076923,0.0842911877394636,"2:3:4","1",TRUE,156,10,452,"OW"
"48A",0.0560369962145968,0.884615384615385,0.120689655172414,"2:3:4","1",TRUE,148,10,453,"OW"
"48A",0.0342336688516763,0.876068376068376,0.119402985074627,"2:3:4","1",TRUE,145,10,454,"OW"
"48A",0.27640389227845,0.91025641025641,0.12156862745098,"2:3:4","1",TRUE,144,10,455,"OW"
"48A",0.0443062145758389,0.854700854700855,0.141843971631206,"2:3:4","1",TRUE,145,10,456,"OW"
"48A",0.0244590082699121,0.88034188034188,0.110320284697509,"2:3:4","1",TRUE,150,10,457,"OW"
"48A",0.378929010501599,0.884615384615385,0.158273381294964,"2:3:4","1",TRUE,150,10,458,"OW"
"48A",0.00193343080062205,0.837606837606838,0.102189781021898,"2:3:4","1",TRUE,142,10,459,"OW"
"48A",0.0580064580426789,0.893162393162393,0.11340206185567,"2:3:4","1",TRUE,156,10,460,"OW"
"48A",0.094732205794705,0.884615384615385,0.130434782608696,"2:3:4","1",TRUE,151,10,461,"OW"
"48A",0.2894317394098,0.88034188034188,0.157718120805369,"2:3:4","1",TRUE,149,10,462,"OW"
"48A",0.176410590004548,0.837606837606838,0.190283400809717,"2:3:4","1",TRUE,140,10,463,"OW"
"48A",0.0376233571940606,0.858974358974359,0.135036496350365,"2:3:4","1",TRUE,145,10,464,"OW"
"48A",0.0363459517406284,0.897435897435897,0.102112676056338,"2:3:4","1",TRUE,155,10,465,"OW"
"48A",0.0336087720612658,0.876068376068376,0.119047619047619,"2:3:4","1",TRUE,144,10,466,"OW"
"48A",0.0201108461227692,0.85042735042735,0.129496402877698,"2:3:4","1",TRUE,148,10,467,"OW"
"48A",0.0297472857131707,0.854700854700855,0.133802816901408,"2:3:4","1",TRUE,147,10,468,"OW"
"48A",0.0255529322844235,0.858974358974359,0.127659574468085,"2:3:4","1",TRUE,148,10,469,"OW"
"48A",0.356907155888411,0.858974358974359,0.186379928315412,"2:3:4","1",TRUE,145,10,470,"OW"
"48A",0.646518651040184,0.871794871794872,0.184615384615385,"2:3:4","1",TRUE,153,10,471,"OW"
"48A",0.0353553259509471,0.858974358974359,0.133828996282528,"2:3:4","1",TRUE,153,10,472,"OW"
"48A",0.135991997009751,0.888888888888889,0.133079847908745,"2:3:4","1",TRUE,149,10,473,"OW"
"48A",0.0465014769268367,0.884615384615385,0.117424242424242,"2:3:4","1",TRUE,152,10,474,"OW"
"48A",0.31228379967185,0.897435897435897,0.139194139194139,"2:3:4","1",TRUE,152,10,475,"OW"
"48A",0.16350135347712,0.893162393162393,0.132013201320132,"2:3:4","1",TRUE,147,10,476,"OW"
"48A",0.00565425300513438,0.807692307692308,0.133105802047782,"2:3:4","1",TRUE,136,10,477,"OW"
"48A",0.303073632890058,0.871794871794872,0.168384879725086,"2:3:4","1",TRUE,148,10,478,"OW"
"48A",0.0149767486682285,0.871794871794872,0.109154929577465,"2:3:4","1",TRUE,148,10,479,"OW"
"48A",0.0234119152701823,0.867521367521368,0.119601328903654,"2:3:4","1",TRUE,141,10,480,"OW"
"48A",0.0953889239737762,0.867521367521368,0.147058823529412,"2:3:4","1",TRUE,152,10,481,"OW"
"48A",0.117086507173428,0.867521367521368,0.151515151515152,"2:3:4","1",TRUE,144,10,482,"OW"
"48A",0.0524169741709693,0.88034188034188,0.123333333333333,"2:3:4","1",TRUE,148,10,483,"OW"
"48A",0.101274603150564,0.905982905982906,0.109929078014184,"2:3:4","1",TRUE,148,10,484,"OW"
"48A",0.175196067011621,0.876068376068376,0.151724137931034,"2:3:4","1",TRUE,146,10,485,"OW"
"48A",0.0535146694584764,0.854700854700855,0.145833333333333,"2:3:4","1",TRUE,147,10,486,"OW"
"48A",0.0263901673476061,0.863247863247863,0.125,"2:3:4","1",TRUE,151,10,487,"OW"
"48A",0.0787933651507258,0.854700854700855,0.154440154440154,"2:3:4","1",TRUE,147,10,488,"OW"
"48A",0.0411586807665989,0.871794871794872,0.126279863481229,"2:3:4","1",TRUE,142,10,489,"OW"
"48A",0.25617742388768,0.897435897435897,0.135593220338983,"2:3:4","1",TRUE,151,10,490,"OW"
"48A",0.0921502355427405,0.876068376068376,0.138181818181818,"2:3:4","1",TRUE,150,10,491,"OW"
"48A",0.0106023598479689,0.884615384615385,0.0950704225352113,"2:3:4","1",TRUE,147,10,492,"OW"
"48A",0.0131950804123214,0.841880341880342,0.127737226277372,"2:3:4","1",TRUE,154,10,493,"OW"
"48A",0.0720254115625964,0.905982905982906,0.104529616724739,"2:3:4","1",TRUE,153,10,494,"OW"
"48A",0.0449226374864167,0.888888888888889,0.113013698630137,"2:3:4","1",TRUE,150,10,495,"OW"
"48A",0.103872754921144,0.858974358974359,0.156934306569343,"2:3:4","1",TRUE,146,10,496,"OW"
"48A",0.14273006104728,0.854700854700855,0.168539325842697,"2:3:4","1",TRUE,150,10,497,"OW"
"48A",0.0875980118538538,0.88034188034188,0.133093525179856,"2:3:4","1",TRUE,155,10,498,"OW"
"48A",0.00853872721213259,0.867521367521368,0.103942652329749,"2:3:4","1",TRUE,151,10,499,"OW"
"48A",0.245775763498681,0.918803418803419,0.109271523178808,"2:3:4","1",TRUE,151,10,500,"OW"
"48A",0.32475149207063,0.91025641025641,0.124183006535948,"2:3:4","1",TRUE,156,10,501,"OW"
"48A",0.122323176647465,0.863247863247863,0.156666666666667,"2:3:4","1",TRUE,151,10,502,"OW"
"48A",0.0973865206298683,0.871794871794872,0.143426294820717,"2:3:4","1",TRUE,143,10,503,"OW"
"48A",0.0811878328825989,0.863247863247863,0.147482014388489,"2:3:4","1",TRUE,154,10,504,"OW"
"48A",0.0211559505513533,0.841880341880342,0.136531365313653,"2:3:4","1",TRUE,153,10,505,"OW"
"48A",0.0712008615128778,0.854700854700855,0.152173913043478,"2:3:4","1",TRUE,155,10,506,"OW"
"48A",0.104592838718357,0.893162393162393,0.123745819397993,"2:3:4","1",TRUE,150,10,507,"OW"
"48A",0.249769701015962,0.897435897435897,0.135135135135135,"2:3:4","1",TRUE,148,10,508,"OW"
"48A",0.0371070941105699,0.854700854700855,0.138157894736842,"2:3:4","1",TRUE,154,10,509,"OW"
"48A",0.0710370877170873,0.914529914529915,0.0957446808510638,"2:3:4","1",TRUE,140,10,510,"OW"
"48A",0.053146240349348,0.871794871794872,0.131147540983607,"2:3:4","1",TRUE,144,10,511,"OW"
"48A",0.00953669601947311,0.816239316239316,0.13768115942029,"2:3:4","1",TRUE,151,10,512,"OW"
"48A",0.0270671945379093,0.91025641025641,0.0868167202572347,"2:3:4","1",TRUE,147,10,513,"OW"
"48A",0.0400368818128222,0.888888888888889,0.111111111111111,"2:3:4","1",TRUE,147,10,514,"OW"
"48A",0.0456526452165451,0.876068376068376,0.124542124542125,"2:3:4","1",TRUE,151,10,515,"OW"
"48A",0.0691009389096882,0.91025641025641,0.099644128113879,"2:3:4","1",TRUE,142,10,516,"OW"
"48A",0.178043061096624,0.829059829059829,0.198501872659176,"2:3:4","1",TRUE,147,10,517,"OW"
"48A",0.0489180286310892,0.884615384615385,0.118279569892473,"2:3:4","1",TRUE,153,10,518,"OW"
"48A",0.167310174525554,0.867521367521368,0.159533073929961,"2:3:4","1",TRUE,147,10,519,"OW"
"48A",0.0129840847371536,0.884615384615385,0.0977443609022556,"2:3:4","1",TRUE,149,10,520,"OW"
"48A",0.0211559505513533,0.85042735042735,0.130434782608696,"2:3:4","1",TRUE,149,10,521,"OW"
"48A",0.310133838861617,0.905982905982906,0.128712871287129,"2:3:4","1",TRUE,152,10,522,"OW"
"48A",0.0311493755594793,0.841880341880342,0.144366197183099,"2:3:4","1",TRUE,151,10,523,"OW"
"48A",0.0292716123229883,0.897435897435897,0.0989399293286219,"2:3:4","1",TRUE,144,10,524,"OW"
"48A",0.0600451380686356,0.884615384615385,0.121951219512195,"2:3:4","1",TRUE,143,10,525,"OW"
"48A",0.00501614448020496,0.88034188034188,0.0888888888888889,"2:3:4","1",TRUE,141,10,526,"OW"
"48A",0.0471484420541405,0.867521367521368,0.132450331125828,"2:3:4","1",TRUE,153,10,527,"OW"
"48A",0.0208656511979627,0.867521367521368,0.117647058823529,"2:3:4","1",TRUE,150,10,528,"OW"
"48A",0.12808868028364,0.876068376068376,0.145038167938931,"2:3:4","1",TRUE,149,10,529,"OW"
"48A",1.01297927507364,0.88034188034188,0.182156133828996,"2:3:4","1",TRUE,148,10,530,"OW"
"48A",0.234712950961324,0.884615384615385,0.148550724637681,"2:3:4","1",TRUE,152,10,531,"OW"
"48A",0.0536380458640886,0.858974358974359,0.142322097378277,"2:3:4","1",TRUE,144,10,532,"OW"
"48A",0.0108243902231601,0.833333333333333,0.129692832764505,"2:3:4","1",TRUE,140,10,533,"OW"
"48A",0.370302680422431,0.931623931623932,0.0984848484848485,"2:3:4","1",TRUE,145,10,534,"OW"
"48A",0.131374734448428,0.893162393162393,0.127946127946128,"2:3:4","1",TRUE,143,10,535,"OW"
"48A",0.0036004404775484,0.88034188034188,0.0852713178294574,"2:3:4","1",TRUE,149,10,536,"OW"
"48A",0.16350135347712,0.871794871794872,0.154639175257732,"2:3:4","1",TRUE,139,10,537,"OW"
"48A",0.0319484979726475,0.884615384615385,0.111111111111111,"2:3:4","1",TRUE,128,10,538,"OW"
"48A",0.0160479861939635,0.867521367521368,0.113333333333333,"2:3:4","1",TRUE,152,10,539,"OW"
"48A",0.0289365096297494,0.858974358974359,0.129963898916967,"2:3:4","1",TRUE,154,10,540,"OW"
"48A",0.0460751063827988,0.88034188034188,0.120996441281139,"2:3:4","1",TRUE,148,10,541,"OW"
"48A",0.00268746572608114,0.884615384615385,0.079734219269103,"2:3:4","1",TRUE,139,10,542,"OW"
"48A",0.165394800357875,0.888888888888889,0.136882129277567,"2:3:4","1",TRUE,148,10,543,"OW"
"48A",0.0617275511341607,0.901709401709402,0.106312292358804,"2:3:4","1",TRUE,145,10,544,"OW"
"48A",0.00793213211378445,0.888888888888889,0.0884615384615385,"2:3:4","1",TRUE,150,10,545,"OW"
"48A",0.0246285670301896,0.905982905982906,0.0892857142857143,"2:3:4","1",TRUE,150,10,546,"OW"
"48A",0.0888167443035728,0.841880341880342,0.168498168498169,"2:3:4","1",TRUE,147,10,547,"OW"
"48A",0.0177184138979846,0.867521367521368,0.114942528735632,"2:3:4","1",TRUE,147,10,548,"OW"
"48A",0.138839886965577,0.884615384615385,0.137931034482759,"2:3:4","1",TRUE,151,10,549,"OW"
"48A",0.0747286864948628,0.863247863247863,0.145695364238411,"2:3:4","1",TRUE,146,10,550,"OW"
"48A",0.0249712190287287,0.837606837606838,0.142857142857143,"2:3:4","1",TRUE,139,10,551,"OW"
"48A",0.0505208148920104,0.876068376068376,0.126436781609195,"2:3:4","1",TRUE,141,10,552,"OW"
"48A",0.0021297706278316,0.82051282051282,0.111888111888112,"2:3:4","1",TRUE,147,10,553,"OW"
"48A",0.0641919765090258,0.867521367521368,0.138686131386861,"2:3:4","1",TRUE,149,10,554,"OW"
"48A",0.0212047249371945,0.829059829059829,0.145390070921986,"2:3:4","1",TRUE,141,10,555,"OW"
"48A",0.0810010873955265,0.888888888888889,0.123333333333333,"2:3:4","1",TRUE,156,10,556,"OW"
"48A",0.021400949554291,0.854700854700855,0.127586206896552,"2:3:4","1",TRUE,150,10,557,"OW"
"48A",0.0226170232012166,0.858974358974359,0.125423728813559,"2:3:4","1",TRUE,142,10,558,"OW"
"48A",0.141421373715154,0.888888888888889,0.133828996282528,"2:3:4","1",TRUE,153,10,559,"OW"
"48A",0.115479860511974,0.888888888888889,0.129963898916967,"2:3:4","1",TRUE,161,10,560,"OW"
"48A",0.0175964290382506,0.854700854700855,0.12406015037594,"2:3:4","1",TRUE,156,10,561,"OW"
"48A",0.127206836130553,0.846153846153846,0.173745173745174,"2:3:4","1",TRUE,146,10,562,"OW"
"48A",0.017077458645369,0.863247863247863,0.117437722419929,"2:3:4","1",TRUE,154,10,563,"OW"
"48A",0.0508710435949394,0.88034188034188,0.12280701754386,"2:3:4","1",TRUE,143,10,564,"OW"
"48A",0.144715833934899,0.876068376068376,0.14760147601476,"2:3:4","1",TRUE,146,10,565,"OW"
"48A",0.0201572110528632,0.841880341880342,0.135593220338983,"2:3:4","1",TRUE,153,10,566,"OW"
"48A",0.208704567254914,0.88034188034188,0.150877192982456,"2:3:4","1",TRUE,148,10,567,"OW"
"48A",0.0345504609148662,0.897435897435897,0.101351351351351,"2:3:4","1",TRUE,147,10,568,"OW"
"48A",0.0716944518365569,0.867521367521368,0.140939597315436,"2:3:4","1",TRUE,149,10,569,"OW"
"48A",0.0691009389096882,0.858974358974359,0.147766323024055,"2:3:4","1",TRUE,145,10,570,"OW"
"48A",0.00716779438287787,0.884615384615385,0.0901960784313725,"2:3:4","1",TRUE,153,10,571,"OW"
"48A",0.213566412932394,0.905982905982906,0.122377622377622,"2:3:4","1",TRUE,148,10,572,"OW"
"48A",0.00151467002813573,0.833333333333333,0.101449275362319,"2:3:4","1",TRUE,144,10,573,"OW"
"48A",0.169247729911713,0.901709401709402,0.123239436619718,"2:3:4","1",TRUE,146,10,574,"OW"
"48A",0.0978360814447145,0.91025641025641,0.104895104895105,"2:3:4","1",TRUE,141,10,575,"OW"
"48A",0.240734400072428,0.88034188034188,0.153846153846154,"2:3:4","1",TRUE,142,10,576,"OW"
"48A",0.0278897450634438,0.905982905982906,0.0909090909090909,"2:3:4","1",TRUE,148,10,577,"OW"
"48A",0.014434971860142,0.85042735042735,0.123595505617978,"2:3:4","1",TRUE,153,10,578,"OW"
"48A",0.0162338318078079,0.888888888888889,0.0975609756097561,"2:3:4","1",TRUE,147,10,579,"OW"
"48A",0.0800737834178021,0.876068376068376,0.135338345864662,"2:3:4","1",TRUE,144,10,580,"OW"
"48A",0.00840218886170957,0.88034188034188,0.0950704225352113,"2:3:4","1",TRUE,142,10,581,"OW"
"48A",0.0284083064718684,0.884615384615385,0.109215017064846,"2:3:4","1",TRUE,146,10,582,"OW"
"48A",0.0782509013810442,0.876068376068376,0.134920634920635,"2:3:4","1",TRUE,147,10,583,"OW"
"48A",0.0382347492031195,0.884615384615385,0.114068441064639,"2:3:4","1",TRUE,151,10,584,"OW"
"48A",0.06690869328305,0.876068376068376,0.131782945736434,"2:3:4","1",TRUE,144,10,585,"OW"
"48A",0.0288699508561855,0.871794871794872,0.11986301369863,"2:3:4","1",TRUE,146,10,586,"OW"
"48A",0.0170381776568335,0.893162393162393,0.0949152542372881,"2:3:4","1",TRUE,142,10,587,"OW"
"48A",0.0392156435068187,0.858974358974359,0.13588850174216,"2:3:4","1",TRUE,154,10,588,"OW"
"48A",0.00597554660265212,0.833333333333333,0.11986301369863,"2:3:4","1",TRUE,156,10,589,"OW"
"48A",0.0278897450634438,0.85042735042735,0.135761589403974,"2:3:4","1",TRUE,141,10,590,"OW"
"48A",0.0584085799523357,0.867521367521368,0.13671875,"2:3:4","1",TRUE,153,10,591,"OW"
"48A",0.130470267003061,0.888888888888889,0.132295719844358,"2:3:4","1",TRUE,149,10,592,"OW"
"48A",0.0692602489746362,0.884615384615385,0.124567474048443,"2:3:4","1",TRUE,155,10,593,"OW"
"48A",0.0109749876549306,0.867521367521368,0.10752688172043,"2:3:4","1",TRUE,156,10,594,"OW"
"48A",0.0147372632616734,0.88034188034188,0.102661596958175,"2:3:4","1",TRUE,155,10,595,"OW"
"48A",0.0904681375276046,0.837606837606838,0.172661870503597,"2:3:4","1",TRUE,139,10,596,"OW"
"48A",0.0339197814447093,0.854700854700855,0.136363636363636,"2:3:4","1",TRUE,152,10,597,"OW"
"48A",0.0391254410197277,0.918803418803419,0.0836501901140684,"2:3:4","1",TRUE,147,10,598,"OW"
"48A",0.0603223216154253,0.858974358974359,0.144827586206897,"2:3:4","1",TRUE,150,10,599,"OW"
"48A",0.102447425744121,0.871794871794872,0.144486692015209,"2:3:4","1",TRUE,142,10,600,"OW"
"48A",0.0333773878431677,0.876068376068376,0.118959107806691,"2:3:4","1",TRUE,155,10,601,"OW"
"48A",0.0759430523882298,0.858974358974359,0.149825783972125,"2:3:4","1",TRUE,141,10,602,"OW"
"48A",0.0371926433616519,0.846153846153846,0.144876325088339,"2:3:4","1",TRUE,148,10,603,"OW"
"48A",0.0336087720612658,0.824786324786325,0.158490566037736,"2:3:4","1",TRUE,155,10,604,"OW"
"48A",0.0433974035257226,0.837606837606838,0.154882154882155,"2:3:4","1",TRUE,146,10,605,"OW"
"48A",0.205367280955588,0.893162393162393,0.136363636363636,"2:3:4","1",TRUE,149,10,606,"OW"
"48A",0.0511058772008913,0.85042735042735,0.148387096774194,"2:3:4","1",TRUE,151,10,607,"OW"
"48A",0.256768032968854,0.88034188034188,0.155234657039711,"2:3:4","1",TRUE,150,10,608,"OW"
"48A",0.0215989899978351,0.863247863247863,0.121428571428571,"2:3:4","1",TRUE,156,10,609,"OW"
"48A",0.0573423975836628,0.88034188034188,0.125,"2:3:4","1",TRUE,158,10,610,"OW"
"48A",0.00861774302029112,0.867521367521368,0.104089219330855,"2:3:4","1",TRUE,139,10,611,"OW"
"48A",0.00778734004021233,0.918803418803419,0.0666666666666667,"2:3:4","1",TRUE,150,10,612,"OW"
"48A",0.0135647952035667,0.867521367521368,0.110714285714286,"2:3:4","1",TRUE,143,10,613,"OW"
"48A",0.0266343770932281,0.858974358974359,0.1284046692607,"2:3:4","1",TRUE,150,10,614,"OW"
"48A",0.0177184138979846,0.85042735042735,0.127208480565371,"2:3:4","1",TRUE,135,10,615,"OW"
"48A",0.0193387608530783,0.867521367521368,0.116363636363636,"2:3:4","1",TRUE,145,10,616,"OW"
"48A",0.0429005881593336,0.871794871794872,0.127049180327869,"2:3:4","1",TRUE,150,10,617,"OW"
"48A",0.0307219476563233,0.905982905982906,0.0921985815602837,"2:3:4","1",TRUE,145,10,618,"OW"
"48A",0.124884819639692,0.923076923076923,0.094488188976378,"2:3:4","1",TRUE,143,10,619,"OW"
"48A",0.0718597411648744,0.846153846153846,0.159695817490494,"2:3:4","1",TRUE,143,10,620,"OW"
"48A",0.0270671945379093,0.867521367521368,0.122137404580153,"2:3:4","1",TRUE,146,10,621,"OW"
"48A",0.0497129627899336,0.841880341880342,0.154639175257732,"2:3:4","1",TRUE,140,10,622,"OW"
"48A",0.0203437421695033,0.884615384615385,0.104089219330855,"2:3:4","1",TRUE,144,10,623,"OW"
"48A",0.0351928667752631,0.884615384615385,0.112676056338028,"2:3:4","1",TRUE,154,10,624,"OW"
"48A",0.00822984278891172,0.867521367521368,0.103448275862069,"2:3:4","1",TRUE,145,10,625,"OW"
"48A",0.0458633893754974,0.888888888888889,0.11336032388664,"2:3:4","1",TRUE,152,10,626,"OW"
"48A",0.0096249468470754,0.897435897435897,0.0846153846153846,"2:3:4","1",TRUE,144,10,627,"OW"
"48A",0.00757509247184754,0.837606837606838,0.121107266435986,"2:3:4","1",TRUE,142,10,628,"OW"
"48A",0.0221531018122472,0.871794871794872,0.115384615384615,"2:3:4","1",TRUE,155,10,629,"OW"
"48A",0.127206836130553,0.884615384615385,0.136200716845878,"2:3:4","1",TRUE,147,10,630,"OW"
"48A",0.0195177181823884,0.833333333333333,0.140794223826715,"2:3:4","1",TRUE,155,10,631,"OW"
"48A",0.08327066811662,0.863247863247863,0.148014440433213,"2:3:4","1",TRUE,144,10,632,"OW"
"48A",0.157950080646842,0.846153846153846,0.17921146953405,"2:3:4","1",TRUE,149,10,633,"OW"
"48A",0.217537309748786,0.85042735042735,0.183206106870229,"2:3:4","1",TRUE,154,10,634,"OW"
"48A",0.0221021460022297,0.858974358974359,0.125,"2:3:4","1",TRUE,146,10,635,"OW"
"48A",0.0371926433616519,0.901709401709402,0.0986394557823129,"2:3:4","1",TRUE,144,10,636,"OW"
"48A",0.123171165492993,0.863247863247863,0.156794425087108,"2:3:4","1",TRUE,146,10,637,"OW"
"48A",0.0998849254928229,0.888888888888889,0.127208480565371,"2:3:4","1",TRUE,147,10,638,"OW"
"48A",0.0037875452997408,0.88034188034188,0.0858085808580858,"2:3:4","1",TRUE,154,10,639,"OW"
"48A",0.0148052941969371,0.863247863247863,0.115107913669065,"2:3:4","1",TRUE,148,10,640,"OW"
"48A",0.17398990556944,0.871794871794872,0.156028368794326,"2:3:4","1",TRUE,148,10,641,"OW"
"48A",0.0120062654424141,0.854700854700855,0.117647058823529,"2:3:4","1",TRUE,140,10,642,"OW"
"48A",0.00706943878928092,0.867521367521368,0.101398601398601,"2:3:4","1",TRUE,154,10,643,"OW"
"48A",0.143388939115132,0.888888888888889,0.134099616858238,"2:3:4","1",TRUE,146,10,644,"OW"
"48A",0.0406874943958975,0.867521367521368,0.12962962962963,"2:3:4","1",TRUE,144,10,645,"OW"
"48A",0.00826783382510758,0.846153846153846,0.117241379310345,"2:3:4","1",TRUE,150,10,646,"OW"
"48A",0.00736862980950253,0.833333333333333,0.123188405797101,"2:3:4","1",TRUE,150,10,647,"OW"
"48A",0.0777121722778646,0.876068376068376,0.134751773049645,"2:3:4","1",TRUE,155,10,648,"OW"
"48A",0.0904681375276046,0.897435897435897,0.116838487972509,"2:3:4","1",TRUE,145,10,649,"OW"
"48A",0.172394597729832,0.88034188034188,0.146853146853147,"2:3:4","1",TRUE,149,10,650,"OW"
"48A",0.0184682881792196,0.876068376068376,0.109215017064846,"2:3:4","1",TRUE,144,10,651,"OW"
"48A",0.242403258677895,0.858974358974359,0.177083333333333,"2:3:4","1",TRUE,154,10,652,"OW"
"48A",0.0220513073990305,0.82051282051282,0.151943462897526,"2:3:4","1",TRUE,148,10,653,"OW"
"48A",0.00634424926480631,0.871794871794872,0.0972222222222222,"2:3:4","1",TRUE,149,10,654,"OW"
"48A",0.0631655159645922,0.893162393162393,0.114864864864865,"2:3:4","1",TRUE,157,10,655,"OW"
"48A",0.0102896651049724,0.846153846153846,0.120754716981132,"2:3:4","1",TRUE,140,10,656,"OW"
"48A",0.107276118244045,0.901709401709402,0.115384615384615,"2:3:4","1",TRUE,149,10,657,"OW"
"48A",0.0842349939980314,0.867521367521368,0.144366197183099,"2:3:4","1",TRUE,147,10,658,"OW"
"48A",1.46088645239433,0.897435897435897,0.164335664335664,"2:3:4","1",TRUE,145,10,659,"OW"
"48A",0.0856038405352472,0.876068376068376,0.136690647482014,"2:3:4","1",TRUE,148,10,660,"OW"
"48A",0.0365979151256619,0.871794871794872,0.124113475177305,"2:3:4","1",TRUE,158,10,661,"OW"
"48A",0.116548489861255,0.871794871794872,0.147260273972603,"2:3:4","1",TRUE,154,10,662,"OW"
"48A",0.022878942329845,0.867521367521368,0.119205298013245,"2:3:4","1",TRUE,148,10,663,"OW"
"48A",0.00694039420371328,0.858974358974359,0.106617647058824,"2:3:4","1",TRUE,145,10,664,"OW"
"48A",0.0396697849331474,0.867521367521368,0.129151291512915,"2:3:4","1",TRUE,152,10,665,"OW"
"48A",0.0320221542408158,0.88034188034188,0.114695340501792,"2:3:4","1",TRUE,153,10,666,"OW"
"48A",0.0276340248893408,0.888888888888889,0.105263157894737,"2:3:4","1",TRUE,151,10,667,"OW"
"48A",0.0538856526524764,0.854700854700855,0.145985401459854,"2:3:4","1",TRUE,153,10,668,"OW"
"48A",0.0636034023441649,0.854700854700855,0.14963503649635,"2:3:4","1",TRUE,147,10,669,"OW"
"48A",0.0991972539723395,0.893162393162393,0.12280701754386,"2:3:4","1",TRUE,148,10,670,"OW"
"48A",0.122323176647465,0.871794871794872,0.14828897338403,"2:3:4","1",TRUE,147,10,671,"OW"
"48A",0.0355185350792829,0.867521367521368,0.127035830618893,"2:3:4","1",TRUE,142,10,672,"OW"
"48A",0.0436982501446813,0.893162393162393,0.108771929824561,"2:3:4","1",TRUE,142,10,673,"OW"
"48A",0.0213517238192711,0.841880341880342,0.136690647482014,"2:3:4","1",TRUE,143,10,674,"OW"
"48A",0.0930029768415917,0.841880341880342,0.169675090252708,"2:3:4","1",TRUE,151,10,675,"OW"
"48A",0.0491438466259188,0.876068376068376,0.125925925925926,"2:3:4","1",TRUE,159,10,676,"OW"
"48A",3.53716130589137,0.927350427350427,0.127208480565371,"2:3:4","1",TRUE,147,10,677,"OW"
"48A",0.0254941563001885,0.914529914529915,0.0823529411764706,"2:3:4","1",TRUE,144,10,678,"OW"
"48A",0.0405005336870817,0.846153846153846,0.146718146718147,"2:3:4","1",TRUE,146,10,679,"OW"
"48A",0.0284083064718684,0.867521367521368,0.122977346278317,"2:3:4","1",TRUE,149,10,680,"OW"
"48A",0.0161964913009812,0.867521367521368,0.113475177304965,"2:3:4","1",TRUE,153,10,681,"OW"
"48A",0.0129542191878177,0.863247863247863,0.113013698630137,"2:3:4","1",TRUE,152,10,682,"OW"
"48A",0.0107251417378789,0.85042735042735,0.11864406779661,"2:3:4","1",TRUE,149,10,683,"OW"
"48A",0.00477934010640228,0.88034188034188,0.0883534136546185,"2:3:4","1",TRUE,137,10,684,"OW"
"48A",0.0675278540011815,0.884615384615385,0.124087591240876,"2:3:4","1",TRUE,146,10,685,"OW"
"48A",0.0504046086348741,0.863247863247863,0.137404580152672,"2:3:4","1",TRUE,149,10,686,"OW"
"48A",0.0581401901271338,0.841880341880342,0.158249158249158,"2:3:4","1",TRUE,151,10,687,"OW"
"48A",0.0391254410197277,0.858974358974359,0.135849056603774,"2:3:4","1",TRUE,148,10,688,"OW"
"48A",0.00514483128081731,0.858974358974359,0.102564102564103,"2:3:4","1",TRUE,145,10,689,"OW"
"48A",0.768402127887986,0.91025641025641,0.13745704467354,"2:3:4","1",TRUE,143,10,690,"OW"
"48A",0.109019390677682,0.88034188034188,0.13745704467354,"2:3:4","1",TRUE,146,10,691,"OW"
"48A",0.113633282061853,0.901709401709402,0.116363636363636,"2:3:4","1",TRUE,145,10,692,"OW"
"48A",0.00199218622571455,0.833333333333333,0.104693140794224,"2:3:4","1",TRUE,153,10,693,"OW"
"48A",0.0492571462354654,0.867521367521368,0.133333333333333,"2:3:4","1",TRUE,143,10,694,"OW"
"48A",0.0726919214488102,0.905982905982906,0.104693140794224,"2:3:4","1",TRUE,149,10,695,"OW"
"48A",0.0097588566790579,0.846153846153846,0.11986301369863,"2:3:4","1",TRUE,146,10,696,"OW"
"48A",0.120090305820473,0.854700854700855,0.164335664335664,"2:3:4","1",TRUE,155,10,697,"OW"
"48A",0.135679192851568,0.901709401709402,0.119402985074627,"2:3:4","1",TRUE,153,10,698,"OW"
"48A",0.159411721587109,0.841880341880342,0.183520599250936,"2:3:4","1",TRUE,151,10,699,"OW"
"48A",0.103395455343595,0.88034188034188,0.136363636363636,"2:3:4","1",TRUE,139,10,700,"OW"
"48A",0.0647859972307498,0.837606837606838,0.164335664335664,"2:3:4","1",TRUE,146,10,701,"OW"
"48A",0.202549256366039,0.871794871794872,0.159420289855072,"2:3:4","1",TRUE,153,10,702,"OW"
"48A",0.0138170090294641,0.858974358974359,0.116981132075472,"2:3:4","1",TRUE,149,10,703,"OW"
"48A",0.0475847450486935,0.854700854700855,0.143344709897611,"2:3:4","1",TRUE,154,10,704,"OW"
"48A",0.0585432391163435,0.893162393162393,0.113553113553114,"2:3:4","1",TRUE,142,10,705,"OW"
"48A",0.0628752678229262,0.88034188034188,0.126712328767123,"2:3:4","1",TRUE,144,10,706,"OW"
"48A",0.0347899773030653,0.888888888888889,0.108843537414966,"2:3:4","1",TRUE,149,10,707,"OW"
"48A",0.0199264504224796,0.858974358974359,0.123188405797101,"2:3:4","1",TRUE,140,10,708,"OW"
"48A",0.0667547921863848,0.833333333333333,0.168539325842697,"2:3:4","1",TRUE,148,10,709,"OW"
"48A",0.0104328230202581,0.816239316239316,0.139372822299652,"2:3:4","1",TRUE,153,10,710,"OW"
"48A",0.00448089880953524,0.841880341880342,0.110726643598616,"2:3:4","1",TRUE,149,10,711,"OW"
"48A",0.116548489861255,0.888888888888889,0.13013698630137,"2:3:4","1",TRUE,159,10,712,"OW"
"48A",NA,0.923076923076923,0.146258503401361,"2:3:4","1",TRUE,151,10,713,"OW"
"48A",0.124884819639692,0.884615384615385,0.135849056603774,"2:3:4","1",TRUE,143,10,714,"OW"
"48A",0.161629582858754,0.901709401709402,0.122448979591837,"2:3:4","1",TRUE,150,10,715,"OW"
"48A",0.198394556982656,0.88034188034188,0.149812734082397,"2:3:4","1",TRUE,144,10,716,"OW"
"48A",0.0500575911676407,0.841880341880342,0.154811715481172,"2:3:4","1",TRUE,145,10,717,"OW"
"48A",0.0458633893754974,0.893162393162393,0.109540636042403,"2:3:4","1",TRUE,154,10,718,"OW"
"48A",0.0399447903413599,0.854700854700855,0.139705882352941,"2:3:4","1",TRUE,147,10,719,"OW"
"48A",0.0425072340484133,0.893162393162393,0.108303249097473,"2:3:4","1",TRUE,141,10,720,"OW"
"48A",0.0116521653985844,0.901709401709402,0.0836120401337793,"2:3:4","1",TRUE,151,10,721,"OW"
"48A",0.188593861447551,0.863247863247863,0.166666666666667,"2:3:4","1",TRUE,149,10,722,"OW"
"48A",0.43910082838792,0.867521367521368,0.181481481481481,"2:3:4","1",TRUE,150,10,723,"OW"
"48A",0.101041654758891,0.867521367521368,0.148275862068966,"2:3:4","1",TRUE,155,10,724,"OW"
"48A",0.06690869328305,0.858974358974359,0.147058823529412,"2:3:4","1",TRUE,146,10,725,"OW"
"48A",1.38552434582193,0.918803418803419,0.132616487455197,"2:3:4","1",TRUE,145,10,726,"OW"
"48A",0.112850958087866,0.876068376068376,0.142361111111111,"2:3:4","1",TRUE,151,10,727,"OW"
"48A",0.00192898358896775,0.863247863247863,0.0886524822695035,"2:3:4","1",TRUE,145,10,728,"OW"
"48A",0.407906904098799,0.914529914529915,0.122302158273381,"2:3:4","1",TRUE,149,10,729,"OW"
"48A",0.0802583910344019,0.846153846153846,0.162337662337662,"2:3:4","1",TRUE,155,10,730,"OW"
"48A",0.0156826533158293,0.884615384615385,0.100346020761246,"2:3:4","1",TRUE,146,10,731,"OW"
"48A",0.177224945914144,0.901709401709402,0.12406015037594,"2:3:4","1",TRUE,156,10,732,"OW"
"48A",0.0964935867592251,0.91025641025641,0.104693140794224,"2:3:4","1",TRUE,145,10,733,"OW"
"48A",0.0250287893973527,0.871794871794872,0.117437722419929,"2:3:4","1",TRUE,159,10,734,"OW"
"48A",0.187295461045132,0.901709401709402,0.125,"2:3:4","1",TRUE,148,10,735,"OW"
"48A",0.0370217416369605,0.901709401709402,0.0985915492957746,"2:3:4","1",TRUE,150,10,736,"OW"
"48A",0.0118961803813181,0.841880341880342,0.125925925925926,"2:3:4","1",TRUE,148,10,737,"OW"
"48A",0.105804088533779,0.867521367521368,0.149305555555556,"2:3:4","1",TRUE,148,10,738,"OW"
"48A",0.0226691660445986,0.833333333333333,0.143859649122807,"2:3:4","1",TRUE,147,10,739,"OW"
"48A",0.113371906658017,0.897435897435897,0.120805369127517,"2:3:4","1",TRUE,145,10,740,"OW"
"48A",0.322515695715678,0.888888888888889,0.15,"2:3:4","1",TRUE,152,10,741,"OW"
"48A",0.0371926433616519,0.841880341880342,0.148148148148148,"2:3:4","1",TRUE,151,10,742,"OW"
"48A",0.0565555522514242,0.871794871794872,0.132352941176471,"2:3:4","1",TRUE,147,10,743,"OW"
"48A",0.0211559505513533,0.884615384615385,0.104693140794224,"2:3:4","1",TRUE,148,10,744,"OW"
"48A",0.0618698620829759,0.871794871794872,0.134099616858238,"2:3:4","1",TRUE,152,10,745,"OW"
"48A",0.0457578959698525,0.901709401709402,0.101694915254237,"2:3:4","1",TRUE,141,10,746,"OW"
"48A",0.00834434283578111,0.876068376068376,0.0979020979020979,"2:3:4","1",TRUE,148,10,747,"OW"
"48A",0.0034542505497635,0.854700854700855,0.1,"2:3:4","1",TRUE,147,10,748,"OW"
"48A",0.168858432049755,0.871794871794872,0.155378486055777,"2:3:4","1",TRUE,150,10,749,"OW"
"48A",0.0257300745246889,0.88034188034188,0.111111111111111,"2:3:4","1",TRUE,150,10,750,"OW"
"48A",0.112074020130978,0.863247863247863,0.154676258992806,"2:3:4","1",TRUE,137,10,751,"OW"
"48A",0.0139770185467667,0.863247863247863,0.114186851211073,"2:3:4","1",TRUE,143,10,752,"OW"
"48A",0.0483580129079601,0.884615384615385,0.118081180811808,"2:3:4","1",TRUE,140,10,753,"OW"
"48A",0.108768627989609,0.854700854700855,0.161971830985915,"2:3:4","1",TRUE,146,10,754,"OW"
"48A",0.122323176647465,0.897435897435897,0.122137404580153,"2:3:4","1",TRUE,147,10,755,"OW"
"48A",0.146729234457035,0.867521367521368,0.156583629893238,"2:3:4","1",TRUE,155,10,756,"OW"
"48A",0.0169208759771483,0.88034188034188,0.104651162790698,"2:3:4","1",TRUE,147,10,757,"OW"
"48A",0.129870750764461,0.901709401709402,0.11864406779661,"2:3:4","1",TRUE,154,10,758,"OW"
"48A",0.117627008109614,0.85042735042735,0.167832167832168,"2:3:4","1",TRUE,146,10,759,"OW"
"48A",0.0530239951780248,0.871794871794872,0.131086142322097,"2:3:4","1",TRUE,146,10,760,"OW"
"48A",0.0315101046099505,0.858974358974359,0.131578947368421,"2:3:4","1",TRUE,152,10,761,"OW"
"48A",0.0237376402523593,0.863247863247863,0.123076923076923,"2:3:4","1",TRUE,146,10,762,"OW"
"48A",0.099655173590351,0.867521367521368,0.148,"2:3:4","1",TRUE,141,10,763,"OW"
"48A",0.0110510702695769,0.867521367521368,0.107638888888889,"2:3:4","1",TRUE,149,10,764,"OW"
"48A",0.00668932872202259,0.888888888888889,0.0865051903114187,"2:3:4","1",TRUE,143,10,765,"OW"
"48A",0.0150805729488023,0.897435897435897,0.09,"2:3:4","1",TRUE,141,10,766,"OW"
"48A",0.00628607904765809,0.863247863247863,0.102564102564103,"2:3:4","1",TRUE,149,10,767,"OW"
"48A",0.0894324543474884,0.876068376068376,0.13758389261745,"2:3:4","1",TRUE,143,10,768,"OW"
"48A",0.39587653101463,0.88034188034188,0.164233576642336,"2:3:4","1",TRUE,146,10,769,"OW"
"48A",0.0149079298926233,0.884615384615385,0.099644128113879,"2:3:4","1",TRUE,148,10,770,"OW"
"48A",0.410734663434108,0.888888888888889,0.154676258992806,"2:3:4","1",TRUE,145,10,771,"OW"
"48A",0.0656873509880045,0.854700854700855,0.15034965034965,"2:3:4","1",TRUE,154,10,772,"OW"
"48A",0.0371926433616519,0.841880341880342,0.148148148148148,"2:3:4","1",TRUE,151,10,773,"OW"
"48A",0.0630202247968623,0.88034188034188,0.126760563380282,"2:3:4","1",TRUE,138,10,774,"OW"
"48A",0.00382259454599975,0.824786324786325,0.117857142857143,"2:3:4","1",TRUE,146,10,775,"OW"
"48A",0.0048682036414141,0.876068376068376,0.091254752851711,"2:3:4","1",TRUE,150,10,776,"OW"
"48A",0.132285471991793,0.88034188034188,0.141379310344828,"2:3:4","1",TRUE,151,10,777,"OW"
"48A",0.0761181367329465,0.884615384615385,0.126315789473684,"2:3:4","1",TRUE,143,10,778,"OW"
"48A",0.123171165492993,0.858974358974359,0.160919540229885,"2:3:4","1",TRUE,145,10,779,"OW"
"48A",0.0146695449313531,0.867521367521368,0.111913357400722,"2:3:4","1",TRUE,146,10,780,"OW"
"48A",0.0468238421140012,0.876068376068376,0.125,"2:3:4","1",TRUE,146,10,781,"OW"
"48A",0.0560369962145968,0.854700854700855,0.146853146853147,"2:3:4","1",TRUE,153,10,782,"OW"
"48A",0.146055007594816,0.871794871794872,0.152173913043478,"2:3:4","1",TRUE,143,10,783,"OW"
"48A",0.104833974254172,0.888888888888889,0.128113879003559,"2:3:4","1",TRUE,150,10,784,"OW"
"48A",0.130771062144748,0.876068376068376,0.145454545454545,"2:3:4","1",TRUE,147,10,785,"OW"
"48A",0.0169989870210895,0.854700854700855,0.123456790123457,"2:3:4","1",TRUE,142,10,786,"OW"
"48A",0.0152201257919181,0.85042735042735,0.124528301886792,"2:3:4","1",TRUE,158,10,787,"OW"
"48A",0.141747416292681,0.85042735042735,0.172413793103448,"2:3:4","1",TRUE,146,10,788,"OW"
"48A",0.0884086277135429,0.871794871794872,0.141379310344828,"2:3:4","1",TRUE,144,10,789,"OW"
"48A",0.0381468029356862,0.888888888888889,0.110344827586207,"2:3:4","1",TRUE,152,10,790,"OW"
"48A",0.0474752922393768,0.888888888888889,0.113970588235294,"2:3:4","1",TRUE,143,10,791,"OW"
"48A",0.108768627989609,0.914529914529915,0.101960784313725,"2:3:4","1",TRUE,150,10,792,"OW"
"48A",0.177224945914144,0.897435897435897,0.128813559322034,"2:3:4","1",TRUE,154,10,793,"OW"
"48A",0.0185108662430742,0.863247863247863,0.118773946360153,"2:3:4","1",TRUE,152,10,794,"OW"
"48A",0.050172997386802,0.854700854700855,0.144486692015209,"2:3:4","1",TRUE,147,10,795,"OW"
"48A",0.0346301159276515,0.88034188034188,0.116040955631399,"2:3:4","1",TRUE,154,10,796,"OW"
"48A",0.00515669252928117,0.841880341880342,0.112727272727273,"2:3:4","1",TRUE,150,10,797,"OW"
"48A",0.170813917216417,0.914529914529915,0.108843537414966,"2:3:4","1",TRUE,155,10,798,"OW"
"48A",0.0137535193051589,0.841880341880342,0.128472222222222,"2:3:4","1",TRUE,151,10,799,"OW"
"48A",0.118170004134851,0.884615384615385,0.134751773049645,"2:3:4","1",TRUE,157,10,800,"OW"
"48A",0.0795225044322886,0.888888888888889,0.123015873015873,"2:3:4","1",TRUE,160,10,801,"OW"
"48A",0.0345504609148662,0.893162393162393,0.105072463768116,"2:3:4","1",TRUE,144,10,802,"OW"
"48A",0.031365314384349,0.876068376068376,0.117857142857143,"2:3:4","1",TRUE,151,10,803,"OW"
"48A",0.633257231625401,0.876068376068376,0.178947368421053,"2:3:4","1",TRUE,144,10,804,"OW"
"48A",0.00282712580377501,0.833333333333333,0.109154929577465,"2:3:4","1",TRUE,144,10,805,"OW"
"48A",0.0650850657827148,0.871794871794872,0.135135135135135,"2:3:4","1",TRUE,147,10,806,"OW"
"48A",0.135991997009751,0.888888888888889,0.133093525179856,"2:3:4","1",TRUE,153,10,807,"OW"
"48A",0.116548489861255,0.888888888888889,0.130111524163569,"2:3:4","1",TRUE,156,10,808,"OW"
"48A",0.0226170232012166,0.858974358974359,0.125423728813559,"2:3:4","1",TRUE,144,10,809,"OW"
"48A",0.104112230326167,0.863247863247863,0.152985074626866,"2:3:4","1",TRUE,137,10,810,"OW"
"48A",0.0441026256990836,0.888888888888889,0.112727272727273,"2:3:4","1",TRUE,147,10,811,"OW"
"48A",0.251501195620805,0.867521367521368,0.16887417218543,"2:3:4","1",TRUE,150,10,812,"OW"
"48A",0.0617275511341607,0.888888888888889,0.118466898954704,"2:3:4","1",TRUE,149,10,813,"OW"
"48A",0.0277615905387385,0.893162393162393,0.101754385964912,"2:3:4","1",TRUE,150,10,814,"OW"
"48A",0.140771536691173,0.927350427350427,0.0912408759124088,"2:3:4","1",TRUE,149,10,815,"OW"
"48A",0.0904681375276046,0.876068376068376,0.137809187279152,"2:3:4","1",TRUE,139,10,816,"OW"
"48A",0.00661274899535856,0.863247863247863,0.103225806451613,"2:3:4","1",TRUE,142,10,817,"OW"
"48A",0.10927073149133,0.888888888888889,0.128919860627178,"2:3:4","1",TRUE,137,10,818,"OW"
"48A",0.0210102994972915,0.88034188034188,0.107913669064748,"2:3:4","1",TRUE,150,10,819,"OW"
"48A",0.812065310944214,0.901709401709402,0.15,"2:3:4","1",TRUE,147,10,820,"OW"
"48A",0.0500575911676407,0.854700854700855,0.144404332129964,"2:3:4","1",TRUE,155,10,821,"OW"
"48A",0.0169989870210895,0.846153846153846,0.129411764705882,"2:3:4","1",TRUE,143,10,822,"OW"
"48A",0.0762936247291732,0.871794871794872,0.138339920948617,"2:3:4","1",TRUE,151,10,823,"OW"
"48A",0.0112565457427501,0.841880341880342,0.125,"2:3:4","1",TRUE,148,10,824,"OW"
"48A",0.0880023864360158,0.863247863247863,0.149253731343284,"2:3:4","1",TRUE,151,10,825,"OW"
"48A",0.00902392629708995,0.893162393162393,0.0869565217391304,"2:3:4","1",TRUE,151,10,826,"OW"
"48A",0.0319484979726475,0.884615384615385,0.111111111111111,"2:3:4","1",TRUE,154,10,827,"OW"
"48A",0.117898193517472,0.905982905982906,0.112403100775194,"2:3:4","1",TRUE,149,10,828,"OW"
"48A",0.0218994921374891,0.867521367521368,0.118466898954704,"2:3:4","1",TRUE,146,10,829,"OW"
"48A",0.0886124510543722,0.88034188034188,0.133333333333333,"2:3:4","1",TRUE,144,10,830,"OW"
"48A",0.0121173692103797,0.837606837606838,0.129032258064516,"2:3:4","1",TRUE,148,10,831,"OW"
"48A",0.0365137338482055,0.871794871794872,0.12406015037594,"2:3:4","1",TRUE,154,10,832,"OW"
"48A",0.0389456580103685,0.88034188034188,0.118032786885246,"2:3:4","1",TRUE,160,10,833,"OW"
"48A",0.0762936247291732,0.841880341880342,0.164794007490637,"2:3:4","1",TRUE,147,10,834,"OW"
"48A",0.0231438946441112,0.88034188034188,0.109433962264151,"2:3:4","1",TRUE,150,10,835,"OW"
"48A",0.202549256366039,0.871794871794872,0.159420289855072,"2:3:4","1",TRUE,150,10,836,"OW"
"48A",0.0399447903413599,0.867521367521368,0.129277566539924,"2:3:4","1",TRUE,151,10,837,"OW"
"48A",0.0027311379337757,0.88034188034188,0.0824372759856631,"2:3:4","1",TRUE,151,10,838,"OW"
"48A",0.0840412395347803,0.888888888888889,0.124031007751938,"2:3:4","1",TRUE,156,10,839,"OW"
"48A",0.229898508439409,0.888888888888889,0.143333333333333,"2:3:4","1",TRUE,142,10,840,"OW"
"48A",0.0890215085445039,0.901709401709402,0.112244897959184,"2:3:4","1",TRUE,156,10,841,"OW"
"48A",0.47486226181559,0.884615384615385,0.16271186440678,"2:3:4","1",TRUE,153,10,842,"OW"
"48A",0.208704567254914,0.893162393162393,0.136666666666667,"2:3:4","1",TRUE,149,10,843,"OW"
"48A",0.0080982436488148,0.871794871794872,0.100371747211896,"2:3:4","1",TRUE,156,10,844,"OW"
"48A",0.0092341418071694,0.858974358974359,0.110714285714286,"2:3:4","1",TRUE,150,10,845,"OW"
"48A",0.094732205794705,0.871794871794872,0.142857142857143,"2:3:4","1",TRUE,150,10,846,"OW"
"48A",0.0508710435949394,0.888888888888889,0.115107913669065,"2:3:4","1",TRUE,143,10,847,"OW"
"48A",0.000483357461208625,0.871794871794872,0.0722021660649819,"2:3:4","1",TRUE,149,10,848,"OW"
"48A",0.0211559505513533,0.901709401709402,0.0909090909090909,"2:3:4","1",TRUE,158,10,849,"OW"
"48A",1.19016605846269,0.863247863247863,0.207142857142857,"2:3:4","1",TRUE,143,10,850,"OW"
"48A",0.0713650128840595,0.876068376068376,0.133093525179856,"2:3:4","1",TRUE,150,10,851,"OW"
"48A",0.0541344024564357,0.85042735042735,0.149659863945578,"2:3:4","1",TRUE,153,10,852,"OW"
"48A",0.0275070454093444,0.85042735042735,0.135483870967742,"2:3:4","1",TRUE,145,10,853,"OW"
"48A",0.0121453054281267,0.841880341880342,0.126315789473684,"2:3:4","1",TRUE,148,10,854,"OW"
"48A",0.0298846067091174,0.858974358974359,0.130584192439863,"2:3:4","1",TRUE,149,10,855,"OW"
"48A",0.0288699508561855,0.876068376068376,0.116438356164384,"2:3:4","1",TRUE,148,10,856,"OW"
"48A",0.113895260058552,0.871794871794872,0.146757679180887,"2:3:4","1",TRUE,155,10,857,"OW"
"48A",0.0676835373678111,0.88034188034188,0.128113879003559,"2:3:4","1",TRUE,143,10,858,"OW"
"48A",0.135679192851568,0.863247863247863,0.159010600706714,"2:3:4","1",TRUE,150,10,859,"OW"
"48A",0.0160479861939635,0.858974358974359,0.119453924914676,"2:3:4","1",TRUE,143,10,860,"OW"
"48A",0.0160479861939635,0.867521367521368,0.113333333333333,"2:3:4","1",TRUE,141,10,861,"OW"
"48A",0.143719517853478,0.867521367521368,0.156118143459916,"2:3:4","1",TRUE,145,10,862,"OW"
"48A",0.0601835702664676,0.841880341880342,0.159090909090909,"2:3:4","1",TRUE,152,10,863,"OW"
"48A",0.0448193079662151,0.901709401709402,0.101398601398601,"2:3:4","1",TRUE,152,10,864,"OW"
"48A",0.0195177181823884,0.854700854700855,0.12589928057554,"2:3:4","1",TRUE,138,10,865,"OW"
"48A",0.0366822904804346,0.858974358974359,0.134545454545455,"2:3:4","1",TRUE,151,10,866,"OW"
"48A",0.0207219987497641,0.871794871794872,0.114285714285714,"2:3:4","1",TRUE,142,10,867,"OW"
"48A",0.011127680316639,0.867521367521368,0.107744107744108,"2:3:4","1",TRUE,151,10,868,"OW"
"48A",0.00225079132964353,0.863247863247863,0.0902777777777778,"2:3:4","1",TRUE,146,10,869,"OW"
"48A",0.147406573721007,0.897435897435897,0.125461254612546,"2:3:4","1",TRUE,146,10,870,"OW"
"48A",0.0432975822967116,0.914529914529915,0.0889679715302491,"2:3:4","1",TRUE,146,10,871,"OW"
"48A",0.0620125011252564,0.846153846153846,0.15625,"2:3:4","1",TRUE,149,10,872,"OW"
"48A",0.0564254650970212,0.884615384615385,0.120833333333333,"2:3:4","1",TRUE,145,10,873,"OW"
"48A",0.116280408995762,0.854700854700855,0.163568773234201,"2:3:4","1",TRUE,150,10,874,"OW"
"48A",0.159045048176379,0.863247863247863,0.16271186440678,"2:3:4","1",TRUE,151,10,875,"OW"
"48A",0.0462878007293635,0.863247863247863,0.135714285714286,"2:3:4","1",TRUE,146,10,876,"OW"
"48A",0.0289365096297494,0.858974358974359,0.129963898916967,"2:3:4","1",TRUE,147,10,877,"OW"
"48A",0.268870375863381,0.888888888888889,0.146428571428571,"2:3:4","1",TRUE,153,10,878,"OW"
"48A",0.00423021690308698,0.833333333333333,0.114695340501792,"2:3:4","1",TRUE,140,10,879,"OW"
"48A",0.0190733967533941,0.837606837606838,0.13745704467354,"2:3:4","1",TRUE,158,10,880,"OW"
"48A",0.00726751837686419,0.888888888888889,0.0874524714828897,"2:3:4","1",TRUE,145,10,881,"OW"
"48A",0.00661274899535856,0.837606837606838,0.118959107806691,"2:3:4","1",TRUE,142,10,882,"OW"
"48A",0.0513417948581734,0.867521367521368,0.134146341463415,"2:3:4","1",TRUE,149,10,883,"OW"
"48A",0.138201911979297,0.867521367521368,0.155234657039711,"2:3:4","1",TRUE,150,10,884,"OW"
"48A",0.0522964064328629,0.88034188034188,0.123287671232877,"2:3:4","1",TRUE,154,10,885,"OW"
"48A",0.298914893747416,0.876068376068376,0.163265306122449,"2:3:4","1",TRUE,151,10,886,"OW"
"48A",0.0118961803813181,0.88034188034188,0.0996563573883162,"2:3:4","1",TRUE,151,10,887,"OW"
"48A",0.0535146694584764,0.884615384615385,0.11986301369863,"2:3:4","1",TRUE,154,10,888,"OW"
"48A",0.115214237671301,0.863247863247863,0.15530303030303,"2:3:4","1",TRUE,153,10,889,"OW"
"48A",0.106537561039537,0.901709401709402,0.115241635687732,"2:3:4","1",TRUE,145,10,890,"OW"
"48A",0.0103371648020471,0.884615384615385,0.0947368421052632,"2:3:4","1",TRUE,141,10,891,"OW"
"48A",0.123739754751203,0.893162393162393,0.126811594202899,"2:3:4","1",TRUE,148,10,892,"OW"
"48A",0.0333006143128409,0.85042735042735,0.139285714285714,"2:3:4","1",TRUE,152,10,893,"OW"
"48A",0.096050194762629,0.893162393162393,0.122222222222222,"2:3:4","1",TRUE,152,10,894,"OW"
"48A",0.172792048111757,0.893162393162393,0.133093525179856,"2:3:4","1",TRUE,148,10,895,"OW"
"48A",0.054635352241223,0.871794871794872,0.131672597864769,"2:3:4","1",TRUE,142,10,896,"OW"
"48A",0.145719056842539,0.88034188034188,0.143344709897611,"2:3:4","1",TRUE,150,10,897,"OW"
"48A",0.0692602489746362,0.884615384615385,0.124567474048443,"2:3:4","1",TRUE,141,10,898,"OW"
"48A",0.00441941246677512,0.863247863247863,0.0980392156862745,"2:3:4","1",TRUE,146,10,899,"OW"
"48A",0.14273006104728,0.893162393162393,0.129496402877698,"2:3:4","1",TRUE,150,10,900,"OW"
"48A",0.0856038405352472,0.863247863247863,0.148648648648649,"2:3:4","1",TRUE,149,10,901,"OW"
"48A",0.0923626850440198,0.833333333333333,0.17687074829932,"2:3:4","1",TRUE,146,10,902,"OW"
"48A",0.0121173692103797,0.837606837606838,0.129032258064516,"2:3:4","1",TRUE,144,10,903,"OW"
"48A",0.131981193456173,0.905982905982906,0.114285714285714,"2:3:4","1",TRUE,154,10,904,"OW"
"48A",0.393151064537448,0.884615384615385,0.159010600706714,"2:3:4","1",TRUE,144,10,905,"OW"
"48A",0.0380590589592609,0.854700854700855,0.138686131386861,"2:3:4","1",TRUE,151,10,906,"OW"
"48A",0.11002823602961,0.833333333333333,0.181467181467181,"2:3:4","1",TRUE,150,10,907,"OW"
"48A",0.00490195180344535,0.85042735042735,0.107023411371237,"2:3:4","1",TRUE,152,10,908,"OW"
"48A",0.0404073757393752,0.85042735042735,0.143333333333333,"2:3:4","1",TRUE,153,10,909,"OW"
"48A",0.0782509013810442,0.914529914529915,0.0971223021582734,"2:3:4","1",TRUE,140,10,910,"OW"
"48A",0.0867948285048706,0.893162393162393,0.120401337792642,"2:3:4","1",TRUE,149,10,911,"OW"
"48A",0.451404055502133,0.905982905982906,0.134948096885813,"2:3:4","1",TRUE,143,10,912,"OW"
"48A",0.133509617372876,0.876068376068376,0.145907473309609,"2:3:4","1",TRUE,141,10,913,"OW"
"48A",0.00240623552225067,0.846153846153846,0.100358422939068,"2:3:4","1",TRUE,153,10,914,"OW"
"48A",0.018639190314811,0.858974358974359,0.122033898305085,"2:3:4","1",TRUE,147,10,915,"OW"
"48A",0.0210587380891587,0.863247863247863,0.120996441281139,"2:3:4","1",TRUE,153,10,916,"OW"
"48A",0.0371070941105699,0.854700854700855,0.138181818181818,"2:3:4","1",TRUE,147,10,917,"OW"
"48A",0.0740435015755498,0.854700854700855,0.153061224489796,"2:3:4","1",TRUE,147,10,918,"OW"
"48A",0.0560369962145968,0.867521367521368,0.135922330097087,"2:3:4","1",TRUE,150,10,919,"OW"
"48A",0.0395785378454205,0.816239316239316,0.168498168498169,"2:3:4","1",TRUE,143,10,920,"OW"
"48A",0.0105779726610761,0.867521367521368,0.107011070110701,"2:3:4","1",TRUE,146,10,921,"OW"
"48A",0.00455371489852541,0.82051282051282,0.122743682310469,"2:3:4","1",TRUE,154,10,922,"OW"
"48A",0.0218491196718049,0.854700854700855,0.127946127946128,"2:3:4","1",TRUE,146,10,923,"OW"
"48A",0.0508710435949394,0.854700854700855,0.144736842105263,"2:3:4","1",TRUE,154,10,924,"OW"
"48A",0.0163463706468937,0.867521367521368,0.113636363636364,"2:3:4","1",TRUE,150,10,925,"OW"
"48A",0.00910743204817128,0.867521367521368,0.104868913857678,"2:3:4","1",TRUE,153,10,926,"OW"
"48A",0.0363459517406284,0.888888888888889,0.109540636042403,"2:3:4","1",TRUE,148,10,927,"OW"
"48A",0.213075174745719,0.867521367521368,0.16504854368932,"2:3:4","1",TRUE,152,10,928,"OW"
"48A",0.021499741751177,0.858974358974359,0.124542124542125,"2:3:4","1",TRUE,142,10,929,"OW"
"48A",0.0593577387118569,0.893162393162393,0.113793103448276,"2:3:4","1",TRUE,149,10,930,"OW"
"48A",0.0821280382427234,0.846153846153846,0.162878787878788,"2:3:4","1",TRUE,148,10,931,"OW"
"48A",0.00830600023753703,0.858974358974359,0.109154929577465,"2:3:4","1",TRUE,148,10,932,"OW"
"48A",0.0342336688516763,0.867521367521368,0.126353790613718,"2:3:4","1",TRUE,152,10,933,"OW"
"48A",0.220563859927319,0.871794871794872,0.161290322580645,"2:3:4","1",TRUE,133,10,934,"OW"
"48A",0.143059120762737,0.854700854700855,0.168582375478927,"2:3:4","1",TRUE,146,10,935,"OW"
"48A",0.0224096484440236,0.867521367521368,0.118852459016393,"2:3:4","1",TRUE,146,10,936,"OW"
"48A",0.08327066811662,0.923076923076923,0.089041095890411,"2:3:4","1",TRUE,145,10,937,"OW"
"48A",0.108768627989609,0.905982905982906,0.111111111111111,"2:3:4","1",TRUE,153,10,938,"OW"
"48A",0.0135335939238012,0.871794871794872,0.107638888888889,"2:3:4","1",TRUE,146,10,939,"OW"
"48A",0.0148736391802075,0.85042735042735,0.124113475177305,"2:3:4","1",TRUE,154,10,940,"OW"
"48A",0.0500575911676407,0.884615384615385,0.118705035971223,"2:3:4","1",TRUE,153,10,941,"OW"
"48A",0.052537819874245,0.876068376068376,0.127147766323024,"2:3:4","1",TRUE,150,10,942,"OW"
"48A",0.0371926433616519,0.91025641025641,0.0909090909090909,"2:3:4","1",TRUE,151,10,943,"OW"
"48A",0.112332403297803,0.888888888888889,0.129411764705882,"2:3:4","1",TRUE,149,10,944,"OW"
"48A",0.0337639186550257,0.833333333333333,0.152416356877323,"2:3:4","1",TRUE,144,10,945,"OW"
"48A",0.0161220677578528,0.867521367521368,0.11340206185567,"2:3:4","1",TRUE,142,10,946,"OW"
"48A",0.0896386380887712,0.858974358974359,0.153571428571429,"2:3:4","1",TRUE,149,10,947,"OW"
"48A",0.0114131556620634,0.854700854700855,0.116838487972509,"2:3:4","1",TRUE,147,10,948,"OW"
"48A",0.494959263686908,0.871794871794872,0.179054054054054,"2:3:4","1",TRUE,149,10,949,"OW"
"48A",0.0908857613359251,0.914529914529915,0.099290780141844,"2:3:4","1",TRUE,155,10,950,"OW"
"48A",0.27640389227845,0.897435897435897,0.136986301369863,"2:3:4","1",TRUE,144,10,951,"OW"
"48A",0.00875778419714711,0.854700854700855,0.112727272727273,"2:3:4","1",TRUE,149,10,952,"OW"
"48A",0.0200645878397077,0.863247863247863,0.120141342756184,"2:3:4","1",TRUE,151,10,953,"OW"
"48A",0.0520561022961649,0.901709401709402,0.103678929765886,"2:3:4","1",TRUE,150,10,954,"OW"
"48A",0.295492903020062,0.901709401709402,0.133079847908745,"2:3:4","1",TRUE,140,10,955,"OW"
"48A",0.0182568624114798,0.888888888888889,0.0992063492063492,"2:3:4","1",TRUE,155,10,956,"OW"
"48A",0.0148052941969371,0.863247863247863,0.115131578947368,"2:3:4","1",TRUE,143,10,957,"OW"
"48A",0.278961682963637,0.88034188034188,0.156934306569343,"2:3:4","1",TRUE,157,10,958,"OW"
"48A",0.189464458420099,0.871794871794872,0.157894736842105,"2:3:4","1",TRUE,154,10,959,"OW"
"48A",0.0370217416369605,0.846153846153846,0.144781144781145,"2:3:4","1",TRUE,151,10,960,"OW"
"48A",0.114157842037371,0.901709401709402,0.116438356164384,"2:3:4","1",TRUE,142,10,961,"OW"
"48A",0.0138488637139387,0.876068376068376,0.104895104895105,"2:3:4","1",TRUE,153,10,962,"OW"
"48A",0.00155352816722511,0.837606837606838,0.0996309963099631,"2:3:4","1",TRUE,147,10,963,"OW"
"48A",0.0775334213868973,0.88034188034188,0.130718954248366,"2:3:4","1",TRUE,151,10,964,"OW"
"48A",0.0427034581937269,0.85042735042735,0.144486692015209,"2:3:4","1",TRUE,152,10,965,"OW"
"48A",0.373729393190028,0.901709401709402,0.137184115523466,"2:3:4","1",TRUE,153,10,966,"OW"
"48A",0.0180894658281186,0.854700854700855,0.124542124542125,"2:3:4","1",TRUE,140,10,967,"OW"
"48A",0.153999301811647,0.901709401709402,0.12156862745098,"2:3:4","1",TRUE,149,10,968,"OW"
"48A",0.0585432391163435,0.846153846153846,0.154929577464789,"2:3:4","1",TRUE,155,10,969,"OW"
"48A",0.143719517853478,0.871794871794872,0.151815181518152,"2:3:4","1",TRUE,151,10,970,"OW"
"48A",0.00863761095872916,0.854700854700855,0.1125,"2:3:4","1",TRUE,140,10,971,"OW"
"48A",0.0825071620429713,0.867521367521368,0.143939393939394,"2:3:4","1",TRUE,146,10,972,"OW"
"48A",0.0198806162801254,0.867521367521368,0.116838487972509,"2:3:4","1",TRUE,145,10,973,"OW"
"48A",0.0386775312662369,0.863247863247863,0.132142857142857,"2:3:4","1",TRUE,146,10,974,"OW"
"48A",0.00628607904765809,0.82051282051282,0.127946127946128,"2:3:4","1",TRUE,150,10,975,"OW"
"48A",0.0925756243410149,0.893162393162393,0.121527777777778,"2:3:4","1",TRUE,153,10,976,"OW"
"48A",0.0747286864948628,0.867521367521368,0.141843971631206,"2:3:4","1",TRUE,150,10,977,"OW"
"48A",0.0923626850440198,0.897435897435897,0.1171875,"2:3:4","1",TRUE,144,10,978,"OW"
"48A",0.059631749049326,0.876068376068376,0.129554655870445,"2:3:4","1",TRUE,150,10,979,"OW"
"48A",0.0454428694356637,0.91025641025641,0.0936454849498328,"2:3:4","1",TRUE,149,10,980,"OW"
"48A",0.114684823514433,0.888888888888889,0.129824561403509,"2:3:4","1",TRUE,152,10,981,"OW"
"48A",0.0731958483434347,0.876068376068376,0.133587786259542,"2:3:4","1",TRUE,149,10,982,"OW"
"48A",0.0932173923114068,0.867521367521368,0.146520146520147,"2:3:4","1",TRUE,144,10,983,"OW"
"48A",1.22351348660272,0.905982905982906,0.149825783972125,"2:3:4","1",TRUE,143,10,984,"OW"
"48A",0.0309349233951771,0.876068376068376,0.117647058823529,"2:3:4","1",TRUE,147,10,985,"OW"
"48A",0.0211072883546926,0.88034188034188,0.10801393728223,"2:3:4","1",TRUE,150,10,986,"OW"
"48A",0.0260880515619901,0.888888888888889,0.104377104377104,"2:3:4","1",TRUE,142,10,987,"OW"
"48A",0.771949266491036,0.905982905982906,0.143396226415094,"2:3:4","1",TRUE,145,10,988,"OW"
"48A",0.0221021460022297,0.858974358974359,0.125,"2:3:4","1",TRUE,147,10,989,"OW"
"48A",0.0362623500207658,0.876068376068376,0.120401337792642,"2:3:4","1",TRUE,152,10,990,"OW"
"48A",0.000480029720224224,0.867521367521368,0.0741839762611276,"2:3:4","1",TRUE,140,10,991,"OW"
"48A",0.0429005881593336,0.901709401709402,0.100746268656716,"2:3:4","1",TRUE,150,10,992,"OW"
"48A",0.0452340575831163,0.897435897435897,0.105454545454545,"2:3:4","1",TRUE,144,10,993,"OW"
"48A",0.138201911979297,0.854700854700855,0.167721518987342,"2:3:4","1",TRUE,145,10,994,"OW"
"48A",0.0200645878397077,0.867521367521368,0.116981132075472,"2:3:4","1",TRUE,143,10,995,"OW"
"48A",0.290767829535721,0.858974358974359,0.181481481481481,"2:3:4","1",TRUE,149,10,996,"OW"
"48A",0.00412440719827038,0.841880341880342,0.10958904109589,"2:3:4","1",TRUE,147,10,997,"OW"
"48A",0.280895547027391,0.871794871794872,0.166666666666667,"2:3:4","1",TRUE,141,10,998,"OW"
"48A",0.0257893944110511,0.824786324786325,0.152482269503546,"2:3:4","1",TRUE,146,10,999,"OW"
"48A",0.0481358058513588,0.867521367521368,0.132867132867133,"2:3:4","1",TRUE,149,10,1000,"OW"
