egn,1,1158:280:743:1329
bnn,2,614:2205:1369:399
ard,3,1275:1453:910:519
ktk,4,2563:431:472:1349
klw,5,481:1728:480:788
irx,6,1751:998:1027:2100
mnm,7,1885:1554:1727:503
non,8,778:1386:887:2227
pil,9,375:15:456:108
cav,10,789:195:1365:2208
koa,11,1664:1382:107:2630
ktu,12,313:1821:2118:340
tpr,13,1956:2066:1316:472
sil,14,1820:1910:462:930
nbk,15,375:9:456:108
mra,16,1869:964:284:812
nmd,17,1748:2037:1575:780
cur,18,1593:1862:885:1176
arx,19,494:75:1506:1757
shs,20,2022:24:29:210
hix,21,314:876:2640:695
tid,22,898:2056:221:1416
lbu,23,2173:1679:602:1538
tkl,24,20:2671:2022:992
sgb,25,712:519:239:3
avt,26,569:1245:2331:211
knp,27,28:1148:590:1115
knb,28,27:1148:590:1322
win,29,210:1470:2022:20
swt,30,1458:206:2328:168
mor,31,2168:2030:765:1432
wir,32,2632:829:1863:1743
teh,33,253:1702:256:1456
nya,34,1815:1121:1296:1122
rag,35,1231:954:1587:102
lug,36,628:2044:1360:2034
tai,37,38:913:1905:290
tug,38,913:37:2477:1914
sim,39,2415:2086:1331:956
baq,40,2243:195:789:1832
sul,41,2180:2179:1749:645
coa,42,1615:1406:1707:1918
gok,43,1700:2036:574:406
bhu,44,157:124:694:1816
mun,45,2119:1816:1446:2621
slv,46,2288:1920:2002:311
ord,47,191:336:1224:2610
ndo,48,1054:2332:1142:1113
pmn,49,1953:2350:2220:428
far,50,1808:592:2554:381
ang,51,1893:2522:1066:201
atk,52,80:416:1707:1918
kla,53,493:1771:546:1156
idu,54,130:309:455:2286
mis,55,57:299:514:704
tsi,56,698:1200:750:525
sum,57,55:514:299:704
mon,58,2555:1401:1479:1045
cde,59,106:161:1868:554
kui,60,548:2244:830:1839
kiu,61,2515:186:1447:732
moj,62,905:249:2117:1560
grn,63,2462:1769:1111:738
ngg,64,65:777:1235:1842
ngk,65,1235:64:2311:1842
rgn,66,2281:1639:2043:1123
ijo,67,280:1329:1:2580
tye,68,1784:2042:2311:739
ngt,69,2543:2279:1457:604
khk,70,1736:1468:1339:138
tza,71,1399:73:74:1398
tzb,72,74:73:446:71
tzt,73,74:71:1399:72
tze,74,73:72:71:1399
saa,75,1506:19:1931:1757
thd,76,231:2279:2543:1906
krb,77,424:165:370:1835
dmi,78,96:1665:2101:2048
gum,79,1928:436:435:432
ctm,80,416:1781:52:1865
cec,81,1071:1759:2533:1017
krg,82,1741:1553:855:168
ksa,83,1541:2354:1697:1409
oji,84,2545:1683:153:1682
cpw,85,633:2296:1921:1539
urk,86,2574:2188:990:1354
isn,87,1804:137:2231:2503
max,88,2541:2588:216:1721
oca,89,979:1157:1102:2401
ilo,90,2212:203:1627:2302
brk,91,977:816:1384:2324
bbu,92,409:1800:287:2471
wan,93,259:2529:2581:2642
nyn,94,897:2391:1756:1095
prh,95,2606:748:272:1891
thu,96,1665:78:2101:2420
kmp,97,995:1114:1874:773
wiy,98,1020:407:1542:210
lla,99,337:232:1963:2446
paa,100,1031:488:584:1039
amk,101,1487:2622:2186:2207
sea,102,1768:1587:2509:954
cyg,103,1402:959:1949:1683
lov,104,2118:665:1410:2270
yrm,105,2089:834:586:782
snm,106,59:1227:554:161
yuc,107,11:2430:1664:1382
mwo,108,2200:1231:35:456
cof,109,1577:2551:1024:746
tpn,110,2595:1205:307:306
dsh,111,1097:1098:2361:1848
dab,112,2478:1191:1201:771
otm,113,529:2422:114:528
osm,114,939:113:529:530
oix,115,537:534:1755:2259
ben,116,1599:1875:492:1723
bec,117,2287:123:1089:2299
shp,118,523:119:2611:2629
smt,119,118:1718:2629:1077
chy,120,265:556:501:1294
kku,121,2432:1940:2638:935
hak,122,1257:1256:2289:2666
hyo,123,1089:2287:2299:117
ho,124,157:44:1816:694
tbs,125,1607:1581:625:1393
tlo,126,1770:1151:1680:221
ych,127,1585:241:128:129
yun,128,1475:1585:747:2292
ypk,129,1585:781:127:1475
mij,130,54:309:455:2286
arw,131,867:1064:132:1819
arm,132,131:555:1044:663
arz,133,938:251:323:1655
kpw,134,1045:58:2555:2484
oka,135,1263:2113:2629:1036
gla,136,1706:610:468:580
agc,137,2503:1804:2231:87
aso,138,1736:70:1339:1468
niu,139,384:802:285:650
mig,140,2252:2193:607:1561
ggu,141,2447:696:434:433
mnx,142,2452:2591:1645:381
mlu,143,757:173:196:923
gay,144,2086:956:1915:39
ctc,145,2052:1005:1004:1006
krt,146,159:670:1473:767
gut,147,833:1292:2234:915
grm,148,2367:147:1890:833
nab,149,840:1676:817:1100
hia,150,1510:1827:2134:692
skm,151,975:1824:1167:2136
yim,152,2192:1324:2068:1878
fox,153,2596:1682:1802:84
fin,154,2564:1535:1332:2085
ndg,155,579:2329:2084:1582
chw,156,1955:842:1945:404
jun,157,44:124:694:1816
knn,158,1254:2010:2378:2492
bgv,159,422:767:146:1473
ung,160,1756:354:2391:1403
pnr,161,1868:59:1822:554
sup,162,2459:169:1164:1163
snh,163,226:295:294:164
mym,164,866:2482:906:907
nau,165,77:1835:424:894
moc,166,873:2129:1731:1750
til,167,1180:1237:837:2315
tsn,168,1458:30:1553:1595
sme,169,1164:1163:2126:2459
ykt,170,863:2236:1958:1197
lnd,171,619:1318:729:1688
sao,172,1773:2237:474:1317
mmb,173,143:757:923:209
bku,174,1169:1569:2062:1534
puk,175,386:1559:1563:2370
yuw,176,1551:177:2581:2417
gml,177,176:1551:79:436
crn,178,1645:476:2452:357
nup,179,1011:1009:1323:396
klh,180,1635:1496:1390:879
tru,181,2539:427:874:2536
brw,182,479:183:1692:1821
bru,183,479:182:1821:12
skn,184,1234:2400:1936:225
ghb,185,308:293:1862:1822
woi,186,2515:1447:732:61
dhr,187,2437:603:2438:491
rem,188,378:1686:693:1933
lat,189,1896:589:2203:1535
kug,190,2418:1253:1924:2284
mnd,191,924:2610:47:1224
dok,192,193:729:1374:1318
nbe,193,192:729:1374:1318
mbe,194,1067:805:2470:250
cyv,195,789:10:2243:40
ane,196,2395:757:143:1019
mnr,197,886:2643:2636:1678
nsy,198,419:1064:867:2336
mav,199,2067:1919:1306:1797
wyn,200,1161:1396:2535:1567
der,201,2518:1893:51:1066
moh,202,638:1949:2031:1402
pnn,203,1627:90:2212:1882
bbw,204,2263:1494:944:1883
zso,205,207:715:206:2132
zno,206,30:207:1458:205
zul,207,205:206:715:2132
iri,208,2591:380:381:142
sio,209,1676:923:1100:149
chi,210,29:1020:2022:407
kpo,211,2331:1887:569:26
mou,212,1327:605:1202:1590
bub,213,1169:174:1569:406
aar,214,1305:1626:1614:2433
tsf,215,1579:1404:734:1577
kri,216,1721:921:2541:2080
myr,217,657:1568:1101:1102
msn,218,1624:1210:400:1493
cve,219,2131:1799:2428:1797
pis,220,2660:2404:2579:1080
sah,221,1151:1090:898:22
dob,222,1199:1548:1087:461
usa,223,273:989:503:1628
zen,224,2128:361:1008:984
bti,225,1936:1234:184:2400
ved,226,163:295:294:164
kgr,227,2242:908:824:2429
run,228,708:1950:1794:14
kfe,229,362:668:2458:2367
yli,230,540:1080:1343:2660
tao,231,76:1906:2279:2543
kya,232,1549:337:2174:1225
cqt,233,1992:1056:1394:1428
lmg,234,2123:2295:1961:2321
bhn,235,1144:1324:465:1878
cog,236,582:571:487:611
tne,237,1745:2254:762:2312
kmt,238,278:1899:430:654
mpu,239,519:712:2385:1275
hmb,240,556:501:2140:120
ysl,241,347:2306:1996:127
jrn,242,512:1088:2540:695
mhm,243,1130:1132:1907:331
qch,244,783:1466:784:2533
dou,245,1495:2324:942:2646
olu,246,506:531:533:1116
cem,247,703:1150:1486:850
tld,248,1455:445:1680:1090
hlp,249,1137:62:2117:905
tks,250,805:2470:1916:1326
vaf,251,323:608:1655:2575
tag,252,1627:90:203:2212
qaw,253,33:1702:256:1456
dms,254,277:599:1723:2552
blq,255,1436:862:2549:363
yah,256,1702:33:253:1456
blk,257,1995:749:1400:751
aly,258,392:394:2441:393
mny,259,93:2642:1551:2581
lon,260,1448:1072:2213:372
awn,261,2124:635:809:2146
gil,262,2575:597:608:2560
cla,263,2216:1303:2217:2215
eml,264,418:1666:373:1441
jeb,265,120:501:1294:556
neh,266,502:1023:1173:658
ntu,267,268:1833:2057:1434
nen,268,267:2232:1833:2057
crg,269,2297:1319:1886:2553
gua,270,405:2021:1735:1378
bem,271,1997:1679:1557:1260
bna,272,587:2606:748:588
amx,273,223:503:989:1885
hil,274,1930:1368:2139:1805
som,275,2145:2143:1671:1999
lah,276,763:1106:1277:2501
ass,277,254:2247:599:2552
tbl,278,430:238:562:1899
mba,279,1864:1028:324:287
ogb,280,743:1:574:67
for,281,414:1611:1610:2403
but,282,709:520:2416:1034
awt,283,2191:1117:1592:844
alw,284,1869:1490:16:1425
nif,285,650:2434:802:384
ant,286,2248:1934:740:1942
mbt,287,92:2471:1800:1864
ura,288,477:450:994:1146
mss,289,647:1221:1218:917
tbu,290,1472:1801:2335:1349
tgl,291,2360:2645:2147:2559
efi,292,1774:1534:1498:406
sba,293,2016:1936:185:1234
tsp,294,295:906:866:2482
tml,295,294:906:866:2482
luo,296,547:497:804:2634
awp,297,734:1577:746:2551
tic,298,2599:1102:2401:89
pec,299,704:55:57:2377
apc,300,1409:1015:1606:2354
apj,301,412:1697:1696:83
nyr,302,1900:2444:2445:2652
sha,303,2584:386:1559:175
muy,304,909:1026:1379:1550
tmc,305,1411:2630:1664:903
twe,306,307:1205:931:110
tce,307,306:1205:931:110
ppc,308,185:1862:18:293
dig,309,130:455:54:552
lua,310,2573:575:1291:2476
chp,311,1445:46:2649:1920
bni,312,2172:1440:2580:1329
jeh,313,1480:644:340:12
wai,314,876:21:594:2640
bhi,315,2285:2303:685:2628
udm,316,1691:2387:543:1690
nrm,317,2114:2127:1809:353
cmy,318,2235:753:754:755
chx,319,320:1282:1285:1960
cho,320,319:1282:1285:1617
ewo,321,2246:1262:377:2592
tif,322,2513:578:2524:780
khl,323,251:608:2575:1655
mbl,324,1028:1658:279:1864
lim,325,1758:2557:438:2494
kij,326,1828:1403:1756:160
iva,327,2352:713:498:87
hnn,328,1368:2409:252:274
mya,329,950:1453:1275:2385
mks,330,2345:2410:2240:197
mmu,331,1907:1132:1870:1130
min,332,1153:2072:1907:1331
poc,333,1236:334:1512:758
pcm,334,1512:1898:333:1675
sru,335,871:1086:820:1087
bao,336,790:1224:2307:2050
guu,337,99:232:1963:1549
blu,338,339:1057:1041:1538
cil,339,1057:338:1538:1041
cua,340,811:1480:313:644
gah,341,2087:2131:1485:219
wry,342,2358:739:854:2042
mzn,343,262:608:2575:323
cmx,344,1566:1105:1565:460
mpo,345,1372:1866:1083:2343
hpd,346,707:1340:2668:1877
ysi,347,2306:1996:241:1118
goe,348,2265:1667:367:1039
sry,349,918:1761:498:2272
wrb,350,616:741:2077:352
rwa,351,500:967:648:968
ngr,352,890:350:2308:1922
tat,353,1892:2659:2206:2568
wor,354,160:2399:897:2111
lan,355,1511:986:2613:2290
pno,356,1363:823:992:1962
bre,357,178:667:476:1645
mbz,358,1220:887:8:778
amu,359,2283:1578:2079:2133
fua,360,374:2463:1191:2616
fma,361,366:224:2128:984
fbf,362,2367:229:668:1600
fgo,363,2549:397:1876:1126
fgu,364,1013:1217:2254:962
fum,365,1823:2655:1547:1546
fus,366,361:2128:1507:1217
fni,367,2099:348:2265:1471
ain,368,655:1391:1330:1240
zay,369,1626:1589:1704:439
nnm,370,371:1215:77:2434
tvl,371,370:1215:2434:650
wsk,372,413:1746:872:1628
mel,373,418:1666:264:877
doy,374,2020:360:1188:2001
ayw,375,9:15:456:108
ga,376,2561:1245:1244:26
gun,377,1262:2592:561:321
koy,378,188:1933:1686:693
kim,379,997:1355:1766:473
irm,380,208:2591:381:1645
ird,381,2591:208:142:380
had,382,1298:2280:1274:1661
dbd,383,471:2187:2144:702
tng,384,139:285:1120:2434
sik,385,1427:2423:1055:2273
mru,386,175:1246:303:2584
nep,387,882:1344:2656:642
pba,388,442:495:1314:558
snn,389,669:962:1217:366
jam,390,719:64:1010:777
kod,391,907:2482:906:866
arr,392,393:258:394:2441
awe,393,392:258:2435:2341
amp,394,258:392:1901:2654
wuc,395,2610:2309:2355:1256
gwa,396,1011:2094:2230:2163
tan,397,1876:363:1126:2549
tur,398,2612:2375:2152:1527
bun,399,1222:614:2205:2
yar,400,1042:1038:218:1742
mrn,401,1373:1362:2556:1525
goa,402,582:487:420:236
mcd,403,1649:1613:710:1528
chr,404,1775:1945:1123:1639
ach,405,270:2021:1378:1946
obo,406,1700:2036:43:1498
yur,407,1020:98:2022:210
bya,408,1994:2604:2679:1831
ma,409,92:911:2464:2471
lrd,410,1107:2340:1454:1564
kab,411,1082:724:1429:1364
twn,412,1696:1697:301:1541
tak,413,372:1746:872:1628
awa,414,1610:281:1299:1942
kad,415,1094:1637:1383:541
nat,416,1865:80:1170:904
ory,417,1899:238:278:1431
iba,418,373:264:1666:877
cld,419,2336:1064:198:706
ykp,420,487:571:582:1076
tnl,421,747:2262:1334:1209
chm,422,159:767:146:958
uru,423,1018:2333:2534:2538
msh,424,77:1835:165:2576
boa,425,714:590:1115:17
apu,426,588:587:585:2096
kma,427,2539:181:874:2109
ksh,428,2220:697:826:1460
tiv,429,1987:2112:2099:1935
snt,430,654:562:278:238
lag,431,4:472:2563:1961
bnj,432,435:436:433:434
gid,433,432:436:435:434
byu,434,433:432:435:436
bca,435,432:436:433:1928
bwa,436,435:432:433:1928
nng,437,1814:1154:2316:2047
dhm,438,1758:325:2557:1392
bys,439,1704:369:1968:1967
lha,440,2351:610:1706:1159
blc,441,888:2609:2009:884
ser,442,388:495:558:1314
igb,443,2451:1172:1710:1498
see,444,1367:2620:1145:2355
biq,445,2199:1525:1040:1373
lac,446,72:549:74:73
brf,447,1073:1074:1184:2318
khv,448,2260:958:1944:663
poh,449,1532:2576:1380:1835
len,450,994:1146:477:288
kmo,451,760:1836:1038:570
boq,452,2286:453:454:455
boj,453,452:2286:454:455
gal,454,453:452:2286:455
mil,455,2286:453:452:454
bum,456,15:375:9:108
ayi,457,2298:2165:966:1807
atc,458,2045:1952:2507:1103
pga,459,1886:1735:2021:2424
nit,460,1255:2216:1303:263
kmr,461,2168:2198:31:2646
sug,462,1910:1820:930:1187
mgo,463,1374:1738:651:1739
tsg,464,505:2058:1861:974
kwo,465,1144:1672:1878:1503
lui,466,932:1560:480:478
tgk,467,1795:595:735:2093
nun,468,136:610:1706:1159
ano,469,2619:1497:1612:1687
tmg,470,626:791:1043:2404
shm,471,2187:383:2429:1381
mgu,472,2563:4:1033:431
mkl,473,1766:1322:997:1355
tbe,474,2237:1317:475:1773
tgr,475,2237:474:1317:1773
wel,476,1645:2452:2597:631
err,477,288:450:994:1146
srr,478,466:1560:932:905
sae,479,182:183:1692:1821
die,480,932:481:1560:1728
tja,481,480:932:5:1728
kni,482,1769:2462:63:1576
mcc,483,2319:1243:2364:556
nua,484,1223:2177:2138:329
bsk,485,544:316:1691:1690
chc,486,545:1473:767:159
jpr,487,420:582:571:236
amo,488,2163:584:831:100
aze,489,2228:865:1737:980
azi,490,1065:2560:597:596
wat,491,2353:603:598:187
kok,492,1321:2498:1951:900
grb,493,53:1771:2457:641
kwa,494,19:1602:1925:75
eud,495,388:931:1314:442
kti,496,780:1711:791:322
nan,497,804:2634:296:547
pai,498,918:349:713:2272
ess,499,1232:1622:2359:1218
sro,500,648:351:1903:1825
can,501,240:556:120:265
hal,502,1023:658:1226:266
mkr,503,1885:1727:273:1554
wao,504,875:2276:109:1024
sbg,505,2058:464:1861:1040
say,506,246:531:533:1116
brs,507,1580:1685:2134:1419
bfd,508,2210:1069:1623:1712
kio,509,2594:1476:1183:686
trn,510,1328:1229:1394:1378
tst,511,2500:2105:1821:12
muu,512,95:242:2540:2536
sng,513,1042:760:1841:400
ram,514,57:772:55:2211
pta,515,2412:1505:850:1150
wog,516,1672:711:465:1144
djn,517,1213:1883:1182:1147
xok,518,1946:405:1378:270
mea,519,239:712:25:1275
tof,520,1034:2669:1339:70
loz,521,761:1300:1598:855
cnt,522,2666:2106:1058:122
cwe,523,118:690:2629:2611
hno,524,525:2300:750:56
hai,525,524:56:750:2300
nhh,526,636:1703:2422:1029
nhm,527,1818:1461:939:114
nhn,528,532:2531:2256:1078
nht,529,530:113:528:939
nmp,530,529:1348:939:537
nmi,531,533:1116:246:506
nhu,532,528:2531:2256:1078
npa,533,531:246:1116:506
nsz,534,2259:2258:115:2257
nhx,535,1348:797:677:683
nhp,536,1282:1285:928:319
nhc,537,115:1755:530:529
emb,538,2427:1594:782:2089
chl,539,837:2611:1021:1237
yal,540,230:1343:1080:1947
mro,541,1637:1586:1383:415
kik,542,2078:2647:547:296
mme,543,1691:1192:1690:2603
mah,544,316:2387:485:1691
ing,545,486:1544:1082:767
man,546,1407:1156:1408:1695
gus,547,296:497:804:2634
pen,548,60:830:1839:2244
toj,549,2028:1759:446:1017
msy,550,1179:2485:2627:2583
mag,551,2483:2049:2627:550
jug,552,553:2497:1779:309
lun,553,2497:552:1779:1687
pia,554,1822:1868:1862:161
geo,555,1082:1544:792:545
agr,556,240:120:501:265
cch,557,2053:2052:1753:145
nev,558,559:442:774:388
ood,559,558:774:788:2117
kat,560,1752:923:1100:1676
tnn,561,2592:377:2029:2178
iir,562,654:430:278:976
inj,563,2282:1139:2267:2598
ind,564,2598:2338:877:1870
gji,565,1266:896:1265:719
yns,566,2593:2175:1739:1341
san,567,841:2662:1195:2465
mao,568,2614:515:659:2412
nkn,569,2331:26:1887:211
mtu,570,1836:1841:760:999
ika,571,236:582:611:487
cul,572,2599:298:1405:217
bki,573,998:874:2539:181
obg,574,743:43:2036:280
tmk,575,310:2573:2476:1291
cin,576,577:662:1622:1998
cba,577,576:662:1622:1998
tlf,578,2513:322:1451:2524
jlu,579,2329:1582:155:2084
pnu,580,1208:1881:136:2026
amz,581,671:682:1786:1785
dam,582,236:571:487:420
fur,583,1677:1430:1910:1820
bir,584,831:1039:1166:1667
kdg,585,1891:1832:2096:426
gmb,586,834:2268:105:746
jwr,587,272:2606:588:426
jmm,588,587:2055:426:1405
lit,589,2203:889:1896:189
yei,590,714:1148:1322:27
wrl,591,2441:2449:896:2110
ice,592,2554:50:1763:1808
haw,593,1659:2667:912:2334
mac,594,876:991:1149:1469
tnk,595,467:1795:735:2213
taz,596,1065:489:262:597
tls,597,2575:2560:262:608
nha,598,603:491:187:2353
nze,599,254:2543:2279:2552
crj,600,1325:601:742:2083
umu,601,1325:600:150:1510
kyo,602,1538:1057:339:1679
yng,603,187:598:2437:491
agm,604,1457:2589:2552:69
mdu,605,1327:212:1202:1360
det,606,2310:761:855:2635
mko,607,1561:2193:2252:140
tts,608,2575:323:597:251
sra,609,2137:1241:1567:1161
yay,610,1706:136:440:2351
cma,611,571:236:487:582
ale,612,613:781:129:127
aea,613,612:781:129:127
mot,614,2:2205:399:1222
mrk,615,1414:1462:1488:1554
clc,616,741:350:2077:1922
bar,617,2405:618:2425:1327
kuk,618,617:2405:2425:1590
bgr,619,1688:729:841:171
ets,620,1440:2172:639:2038
awy,621,1431:1068:430:654
vep,622,1648:2085:1304:1482
daa,623,624:2394:2233:1965
kli,624,2233:623:1965:2394
rut,625,2241:1581:1607:125
yqy,626,470:791:1766:473
one,627,1592:2519:283:2665
mad,628,36:986:1360:2044
wol,629,2039:2224:922:652
lmn,630,2025:766:935:2000
eng,631,2597:476:2452:2075
hol,632,1167:1997:2024:1889
cyn,633,85:2296:1921:1539
kyg,634,1433:2103:2122:970
amh,635,2146:261:1134:1288
htc,636,1703:526:1029:2422
isa,637,2116:728:2520:976
mhc,638,202:881:2031:1949
ebi,639,2094:620:396:2038
wam,640,2449:2110:1564:1454
bet,641,1660:1699:1574:2546
new,642,801:2070:387:643
nwd,643,1165:801:2070:96
rng,644,1480:1410:2270:313
tla,645,1749:2179:2180:1941
qay,646,1826:1740:2133:2186
mcs,647,917:1218:289:1221
bon,648,500:351:1903:1825
tmn,649,920:1872:2454:415
wll,650,2434:285:802:2334
lin,651,2465:2384:2662:1688
cha,652,2223:2039:629:922
fut,653,1146:688:994:450
tbt,654,430:562:976:278
nvs,655,1330:368:1240:1837
niv,656,2135:1197:1330:1335
coc,657,1294:217:1568:1838
teo,658,1226:1369:1023:502
nne,659,2091:515:2412:726
ill,660,947:1183:2222:107
wik,661,1998:1219:662:289
ywl,662,1998:1219:661:576
hnk,663,448:1044:2260:792
toa,664,1114:1012:1395:97
oi,665,2118:1410:644:313
afr,666,1171:1788:715:2132
fre,667,2565:2073:2408:2015
moo,668,1459:229:1890:1111
xas,669,389:962:1217:1013
ava,670,146:1944:958:159
mxa,671,680:674:672:676
mxc,672,2396:680:676:671
mxj,673,682:681:679:927
mxo,674,1785:1786:671:672
mxp,675,1286:1279:1284:1004
mxy,676,680:672:2396:671
mxt,677,797:683:2383:581
mxz,678,1754:1007:1006:2051
mja,679,681:673:927:682
mxm,680,672:2396:676:671
mxu,681,679:682:673:927
mjc,682,673:681:679:581
mxl,683,797:2383:1786:677
tuk,684,2266:2012:859:2516
guj,685,315:2628:2285:2303
pwn,686,2594:1733:2222:2032
por,687,2550:1792:2382:2063
anj,688,1146:994:653:450
kor,689,2566:395:2397:1391
lus,690,1021:2125:2218:2611
gav,691,2271:819:2608:1891
cub,692,1827:1834:1510:727
oko,693,1686:1104:1839:188
oya,694,157:830:124:44
apl,695,1439:200:2535:1396
dhb,696,141:2447:1122:2642
mkb,697,428:1022:826:2220
hei,698,1200:56:2071:1565
sue,699,1874:773:995:1238
krr,700,933:2398:2528:2527
bnm,701,968:967:1783:1299
cga,702,1661:1381:2429:471
poa,703,247:1486:1337:1150
tol,704,2377:299:1236:1913
ukr,705,2624:2586:2202:1793
hwr,706,2336:419:490:1064
prt,707,346:2668:1340:1877
gir,708,228:310:2573:2252
kha,709,282:520:1034:2416
bul,710,403:1649:2120:1646
iwm,711,2524:516:2523:2095
hat,712,25:519:239:3
ymi,713,498:918:2272:349
zim,714,425:1115:590:1322
xho,715,205:207:2132:666
yak,716,2474:2593:1492:566
lil,717,1036:1105:733:2651
luc,718,2173:1142:1357:48
wrd,719,390:1265:1266:64
cop,720,769:2148:1302:2157
big,721,722:1536:2084:155
yul,722,721:1536:2084:155
brj,723,1704:1589:369:439
sva,724,1429:1674:411:1364
kly,725,2102:2356:28:27
iaa,726,2091:1505:1150:247
sri,727,1258:1531:1827:1834
pok,728,2520:2665:637:2116
ndi,729,193:192:619:1374
ygd,730,2001:2616:374:360
gnn,731,160:354:993:1010
kln,732,1447:186:2515:2505
hlu,733,1036:2651:2530:2214
cay,734,1404:1577:297:1579
nal,735,2093:1795:467:595
aiz,736,1261:1211:2082:2468
apk,737,2372:852:1422:1978
tmp,738,1576:63:1292:1769
lar,739,68:342:1784:2042
pat,740,2506:286:817:2061
wth,741,616:350:2077:1988
hmi,742,2393:1501:2141:600
deg,743,574:280:1:43
igs,744,1571:809:2124:261
ao,745,878:937:2589:1779
cam,746,2551:109:1024:297
kyn,747,421:1475:128:2292
pau,748,272:2606:587:95
mgd,749,751:1264:1970:1979
hsl,750,2300:2288:56:1200
tnt,751,1264:1970:1979:1128
zqc,752,755:754:1397:753
zqo,753,754:752:755:1397
zfl,754,753:752:755:1397
zqr,755,1397:752:1398:754
zch,756,1280:1960:1617:320
ama,757,143:173:196:1019
pip,758,333:1236:334:1898
srl,759,2108:2577:1846:1776
koi,760,1841:1836:570:451
sub,761,521:1300:1357:2310
mde,762,1555:1714:1596:1250
kyl,763,1106:2059:276:1070
wal,764,1452:844:2526:2166
yaw,765,1432:2030:1810:31
mhi,766,935:630:1940:2303
god,767,159:422:1473:146
slb,768,1550:1529:1379:1493
nku,769,1302:720:770:2156
nbd,770,1302:2176:769:1430
gud,771,1201:1443:112:2478
cab,772,2211:1830:1894:1437
kap,773,995:699:97:1874
mar,774,2117:788:559:1728
svk,775,880:1650:1857:1651
shu,776,717:1160:1036:135
mrr,777,64:1842:1010:65
oku,778,2227:1386:8:887
ahs,779,361:389:669:224
awi,780,496:322:578:17
atq,781,129:613:1585:612
emc,782,2089:105:1812:538
mmz,783,784:244:1466:2533
mam,784,783:2533:1760:244
tsh,785,1980:1219:661:1221
swr,786,965:1693:787:2369
sho,787,356:1694:1693:786
que,788,1728:774:2117:480
mov,789,195:10:815:2243
mgg,790,336:1224:2307:1796
ahu,791,1043:1711:496:2579
tsz,792,663:448:1544:1044
bbf,793,2459:1133:1164:1732
arb,794,1474:2276:1375:2393
svc,795,796:1846:2108:759
ksu,796,795:843:2201:2108
tlp,797,677:683:2383:581
tul,798,2000:391:907:2482
thy,799,2301:1605:1189:1109
shk,800,1101:1654:2011:1578
tam,801,642:643:2070:1165
sam,802,285:650:2334:139
moe,803,2339:1192:2603:1690
luy,804,2634:497:1715:296
ndu,805,1067:250:194:1866
djp,806,1943:807:808:2653
gmt,807,1943:2392:806:517
dda,808,2653:806:2275:2392
gmz,809,1338:261:744:2124
mbi,810,2469:1386:2227:1143
hre,811,340:1480:644:813
ngn,812,1588:2261:964:1869
bpb,813,2043:2270:644:811
mdn,814,1465:1539:2369:965
ign,815,789:1181:2069:195
sob,816,1384:91:977:2324
ari,817,2506:840:149:1100
rim,818,2169:2280:2542:824
jbt,819,2608:2537:1206:2100
wet,820,2602:953:2578:2514
slo,821,1854:1651:981:1857
ghr,822,1556:1309:2019:2492
ats,823,1363:1962:1470:29
agw,824,908:2542:2169:1274
unm,825,881:861:2390:1402
mwl,826,1460:1358:1897:1022
tsw,827,2453:1595:2328:855
ntj,828,2435:2650:2368:2325
wdo,829,2632:32:2443:2341
sor,830,548:60:694:1839
mup,831,584:1039:1166:1667
gnd,832,2190:1443:1126:1603
ntn,833,2460:147:943:2234
epe,834,586:105:2089:2268
dmk,835,1636:1450:1390:1152
lul,836,1537:1701:269:2008
ckl,837,539:167:1237:2611
buw,838,1509:1016:2246:321
ppi,839,2450:1901:1656:2664
msm,840,817:149:2506:1100
ykm,841,567:2662:2465:1688
sti,842,156:1775:404:1945
pol,843,2201:2204:796:775
nin,844,1117:2191:283:1592
kom,845,1366:1417:1571:873
ady,846,847:848:1364:857
adt,847,846:848:857:1364
ash,848,847:846:857:2586
bil,849,853:1717:1722:1222
tin,850,1505:1150:2412:515
bat,851,1840:328:1368:2504
jrw,852,2372:737:1978:1422
sis,853,849:1222:399:1722
wag,854,2358:65:1235:342
klz,855,1553:606:521:82
cuu,856,2224:1380:449:1320
uby,857,864:848:847:846
sno,858,1332:1190:1787:1482
baj,859,2012:2266:684:941
kkn,860,2000:798:630:391
nnt,861,1377:2390:2277:825
ngz,862,255:1905:1436:2549
evn,863,170:1958:1957:2249
abk,864,1429:1674:724:857
bdk,865,980:1216:1737:2228
tda,866,2482:907:906:391
kji,867,1819:1064:131:198
kbl,868,960:2023:1185:1914
hmr,869,1871:899:1860:2433
so,870,1276:1313:1511:1715
ymd,871,1086:335:1087:1199
mtk,872,1746:1628:413:1903
shb,873,166:2129:1750:1731
wur,874,2539:427:181:2109
sec,875,1024:504:109:1370
wps,876,594:314:2640:1227
bit,877,2338:1666:2674:373
chg,878,745:2589:937:604
trw,879,180:1635:1496:1390
hun,880,1650:1853:775:1646
mse,881,638:825:1949:1402
kus,882,387:1344:1179:2656
rao,883,1306:1239:989:273
sdh,884,2009:2609:2628:888
tar,885,1877:1340:1531:707
bbm,886,197:2636:2643:1678
lns,887,778:8:2227:358
brh,888,2609:884:2009:441
krm,889,2203:589:1175:1896
kaq,890,352:1863:2065:1629
dca,891,2302:90:2212:2161
ras,892,2618:893:1586:541
ori,893,2618:892:1586:541
lga,894,2269:1726:853:1602
tkm,895,2326:1079:2327:343
mdb,896,565:1265:1266:2110
wrw,897,2111:94:2399:1095
trt,898,22:221:2056:1151
dha,899,869:1871:1860:2433
miz,900,1062:2498:2304:2287
kyk,901,902:1306:2346:1239
ena,902,901:2346:1239:1306
abm,903,904:2430:1411:1781
cct,904,903:1781:2430:1865
cmh,905,62:1560:478:2117
kot,906,2482:866:907:391
bdg,907,2482:866:906:391
brn,908,824:1274:2429:2169
klv,909,1026:1350:1379:304
irr,910,2366:2517:3:2181
mmv,911,2464:1360:409:2044
mrq,912,1811:951:139:802
tgh,913,38:37:1914:2023
aht,914,1668:1209:1334:421
kkb,915,2234:1292:1608:738
dio,916,1507:1508:2661:1623
mwn,917,1218:647:2104:289
ruk,918,498:349:1761:2272
ark,919,1103:2045:1952:458
ktl,920,649:2454:1872:415
tup,921,1721:216:2080:2081
yap,922,2039:1293:629:2314
ono,923,209:560:1676:1100
sta,924,191:1923:2050:1631
cso,925,926:928:927:1287
cya,926,925:928:1287:927
ctt,927,679:925:926:681
cht,928,926:925:927:1287
map,929,1456:2008:2570:33
mab,930,1187:462:1910:1820
grj,931,306:1205:307:1314
cup,932,1560:480:466:481
boi,933,700:2398:2528:2527
yrr,934,1868:1822:2016:161
nah,935,1940:766:121:630
kmu,936,2370:1563:2501:2351
lot,937,745:878:2589:2247
prs,938,133:251:323:343
maz,939,1348:114:530:529
dyu,940,1803:2126:1163:2347
pad,941,1418:2233:1965:1678
iau,942,2646:1495:1346:245
kby,943,2461:833:2234:2460
mau,944,1494:204:2263:1670
ik,945,2290:1276:2411:870
rus,946,2603:2339:1648:622
wnb,947,2090:1682:2596:660
swa,948,2242:227:2245:2187
mop,949,1913:2377:1252:1207
tht,950,1275:1453:329:2385
tah,951,1811:912:139:802
nor,952,2641:1333:2631:111
ksr,953,2578:2602:2514:820
bsm,954,1587:102:1214:35
hin,955,121:2432:1708:315
bkr,956,2086:1091:144:39
thk,957,2486:2406:2485:2627
tnd,958,1944:448:2260:159
snc,959,103:1402:1949:1683
bch,960,868:1185:1914:2023
ngu,961,2185:2509:1768:102
maw,962,669:1217:389:364
mnk,963,1251:2312:1250:1695
wrn,964,2261:1869:16:812
cro,965,786:1465:814:1336
ble,966,1660:2298:2455:1699
aga,967,968:701:1783:1299
gds,968,967:701:1783:1299
rsh,969,1000:1032:1110:1177
baf,970,1143:810:2103:2469
kiq,971,1725:1657:2357:972
kmk,972,971:1657:1725:2357
mnc,973,1724:2278:2407:2676
beg,974,2013:2568:464:2504
hya,975,151:1824:2136:2317
sko,976,654:562:430:1068
kwb,977,91:816:1384:2324
mal,978,2291:2607:1504:2380
res,979,89:2401:1061:1157
khi,980,1737:2228:865:1216
ldn,981,1854:1050:1051:1052
laz,982,1674:864:724:555
bae,983,1593:2323:1176:1464
plr,984,1174:1008:2128:1507
ttn,985,2505:2514:732:1447
acl,986,355:2290:628:2425
lho,987,2494:2048:2420:325
skk,988,1392:325:987:2494
nnd,989,223:273:2067:883
asu,990,1354:86:2574:2188
akw,991,1149:594:1469:876
klm,992,1363:20:24:2022
mir,993,1010:390:1266:777
tns,994,1146:450:477:688
wer,995,97:773:1874:699
kam,996,1055:1638:2423:2225
mom,997,379:1766:1355:473
prc,998,6:573:1428:1751
all,999,1395:570:1836:1114
yaz,1000,969:1110:1032:2184
ccm,1001,1284:1004:1006:1005
cle,1002,1619:2532:1281:1283
cpl,1003,2051:1754:678:534
chq,1004,1284:1005:1001:2052
csc,1005,1004:145:1006:1007
cte,1006,1007:1005:678:1001
csf,1007,1006:678:1005:1754
ndt,1008,1174:984:2128:1507
bus,1009,2590:179:2250:1323
mpa,1010,777:64:1842:390
awk,1011,396:179:1198:2094
kae,1012,1047:664:1934:1114
kgi,1013,1217:364:2210:1069
wra,1014,991:1469:59:161
apw,1015,1606:300:1698:2130
bas,1016,561:1509:377:1569
jak,1017,1759:2028:1760:1449
aym,1018,423:2333:2538:2534
bvi,1019,196:2395:757:143
hup,1020,407:98:210:2022
twa,1021,2125:2611:690:263
wap,1022,697:826:1358:1460
taf,1023,502:1226:658:1369
sin,1024,875:109:1370:2551
ong,1025,1978:852:2372:737
gmw,1026,1379:1350:909:1550
nmb,1027,2537:2100:6:1206
eny,1028,324:1658:279:1864
cjo,1029,1703:636:526:114
krq,1030,1442:1584:347:2306
miy,1031,100:488:1039:2549
ish,1032,1177:1152:969:1000
mas,1033,2563:472:1297:1956
tuv,1034,1339:520:70:1468
knw,1035,2104:1962:1897:1358
tho,1036,733:1105:2651:2530
svs,1037,1925:1909:1726:1757
omi,1038,1742:1042:451:400
fye,1039,1667:584:831:1166
try,1040,1525:2199:1373:401
bsh,1041,339:338:2175:1057
baa,1042,1038:400:1742:513
kmb,1043,2579:1711:791:1947
bez,1044,2260:663:448:1944
phl,1045,58:2555:134:1401
sur,1046,1941:1173:1093:645
orl,1047,1012:1621:2248:1934
jia,1048,2495:2496:2050:2658
rsu,1049,1052:1051:1050:1844
rsm,1050,1051:1052:1049:1844
rsc,1051,1050:1052:1049:1844
rmc,1052,1049:1051:1050:1844
juh,1053,2635:1142:1357:1113
xun,1054,1113:48:1142:1053
ngd,1055,2423:1638:385:996
tpt,1056,1394:233:1319:2297
sge,1057,339:1538:338:602
lkk,1058,2106:1208:1881:1630
kjn,1059,1605:1963:1189:799
fas,1060,2189:2239:2037:1748
bor,1061,1157:89:979:2141
cmr,1062,900:2304:1543:2498
naj,1063,2040:2388:2644:2041
naa,1064,419:867:2336:131
nap,1065,490:2560:596:597
amn,1066,2522:51:2518:1893
dma,1067,805:194:1866:1372
mem,1068,1387:621:1431:976
blz,1069,2210:1623:1508:508
brm,1070,1106:2584:303:276
tec,1071,81:2533:1760:1017
lou,1072,260:1448:2213:372
bse,1073,1074:447:1184:1342
bma,1074,1073:1184:447:1342
yct,1075,1252:949:1913:446
mti,1076,420:611:487:571
coe,1077,2113:2629:1718:119
tep,1078,2531:2256:532:2422
kkp,1079,895:1984:1985:2326
dni,1080,230:2660:540:220
gyb,1081,2426:2238:601:1325
oss,1082,411:545:555:724
bga,1083,1509:2633:345:838
bia,1084,2381:2349:1154:2471
tmr,1085,1765:1644:1130:1132
frd,1086,871:335:1087:1199
kei,1087,1199:1548:1086:222
kyp,1088,2362:2540:427:181
khu,1089,123:2299:2287:117
tbr,1090,221:1151:898:22
bto,1091,956:2086:1331:144
mdr,1092,2547:1125:2226:2225
tga,1093,1046:1941:1173:645
ktc,1094,415:1637:1383:1929
ywr,1095,2111:897:1900:2399
frw,1096,2076:1099:2637:1098
fno,1097,1098:111:2361:1848
fea,1098,1096:1097:2076:1855
fri,1099,1096:2076:2637:1098
bmr,1100,840:149:1676:817
cap,1101,800:2011:217:657
yag,1102,89:1157:979:1061
tmm,1103,919:2045:458:1952
gdk,1104,1839:693:1686:2244
squ,1105,2651:2530:733:2219
kbw,1106,763:276:2059:1070
kay,1107,410:2340:2439:1564
cic,1108,2221:2046:2305:1533
wmu,1109,2182:2301:799:1189
taj,1110,2184:1000:969:1032
ksm,1111,2462:63:1769:1890
xoo,1112,1662:2453:1633:827
her,1113,1054:1662:1053:1142
mke,1114,664:1395:97:999
suk,1115,714:590:27:1719
zqs,1116,531:533:246:506
yil,1117,2191:844:283:1592
chk,1118,1996:2306:347:241
fiw,1119,1120:2511:1215:2434
fij,1120,2511:1119:2434:1215
dyi,1121,1296:1225:2174:1815
bii,1122,34:1815:1121:1296
cme,1123,1639:1775:66:404
jom,1124,1383:1929:541:1637
bal,1125,2547:1092:2225:2226
knk,1126,2190:832:397:363
bam,1127,162:2459:963:169
mds,1128,1970:1979:1264:751
ktp,1129,2600:2674:877:1441
myk,1130,1132:243:331:1907
kuy,1131,1888:623:2394:624
mly,1132,1130:243:331:1907
nnn,1133,1732:1459:793:1705
sod,1134,1288:1789:1249:2146
ixi,1135,1449:1675:1512:244
mdz,1136,2230:1166:2094:831
hav,1137,249:1698:2117:62
tik,1138,358:2178:1220:1884
sun,1139,2282:563:2267:2226
lml,1140,1259:342:739:1670
yel,1141,1499:304:768:1550
kwn,1142,1053:1054:48:2635
nge,1143,970:810:2469:2103
mbu,1144,465:1878:1672:235
thw,1145,2620:1761:444:2272
kwr,1146,994:450:688:653
rmb,1147,517:1213:1883:1588
mri,1148,27:28:590:1322
bdc,1149,991:1241:594:1567
aji,1150,850:1505:247:703
pag,1151,221:1090:22:898
khw,1152,1177:1390:1289:180
mnt,1153,332:1331:2072:1091
nde,1154,2349:2316:1814:1084
mos,1155,2534:2208:2333:10
kpe,1156,1555:546:1596:1695
ore,1157,1061:89:1102:979
iso,1158,1329:1:2580:67
muo,1159,2351:440:468:610
src,1160,1920:776:1263:1336
ndy,1161,1567:2137:200:609
kaz,1162,1689:485:1725:971
tow,1163,1164:2126:169:1803
tou,1164,1163:169:2126:1803
hay,1165,643:801:96:2070
ron,1166,831:1136:2230:584
rnd,1167,2136:632:151:975
mlt,1168,1185:1971:1709:960
dua,1169,174:1569:2062:213
cad,1170,1865:416:1918:1476
xam,1171,666:1788:715:2132
izi,1172,2451:1710:2112:1987
sir,1173,1046:2180:1749:2179
noo,1174,984:1008:2128:1507
blr,1175,889:2203:589:2204
bnw,1176,1593:18:983:1862
wak,1177,1032:1152:1390:1289
beo,1178,1423:2569:1351:1412
gur,1179,2583:2485:882:550
als,1180,1230:2315:167:1926
yrc,1181,2402:815:2069:789
nkk,1182,1883:1213:2263:1494
osa,1183,1170:2222:509:660
amr,1184,1073:1074:447:1342
atu,1185,960:1709:1168:868
ael,1186,1502:1647:2601:1528
abb,1187,930:462:1910:1820
arn,1188,2020:374:2088:2001
pak,1189,2301:799:1605:1963
scs,1190,1332:154:1333:2564
gdr,1191,112:2463:1316:2478
chv,1192,1690:1691:543:2603
mby,1193,1291:2476:575:310
gbk,1194,1196:1356:730:2001
gbb,1195,1193:567:1291:2476
mdo,1196,1194:2623:567:1203
neg,1197,2135:656:1335:1837
duk,1198,1011:2590:1009:179
tgw,1199,222:1548:1087:1086
bco,1200,698:56:2071:750
ban,1201,771:2478:112:1782
bka,1202,212:1327:605:1590
bak,1203,2246:321:838:2623
sol,1204,2416:2278:1724:973
tub,1205,306:307:931:2595
kwz,1206,2100:2537:2608:819
kek,1207,1675:1913:1252:1512
zhn,1208,580:1881:1058:2026
tnc,1209,914:2274:1668:421
dag,1210,1843:218:1493:1529
adi,1211,736:2082:1261:2546
fon,1212,2467:2626:2466:2379
bua,1213,1883:1182:517:2263
aul,1214,2508:2507:1587:954
rot,1215,371:1119:2434:1120
tmu,1216,865:980:1737:2228
bsr,1217,1013:364:962:2210
mwp,1218,917:647:289:2104
tbb,1219,1998:1980:661:662
yba,1220,358:887:8:1884
mno,1221,289:647:917:1964
moa,1222,399:614:2205:2
plh,1223,484:2177:2138:2007
slr,1224,336:790:2307:2050
yid,1225,1549:2174:1121:1296
knu,1226,658:1023:1369:502
shi,1227,2640:2167:1469:106
ctl,1228,2170:1524:1521:1522
gna,1229,2424:1394:1328:510
siu,1230,1389:1180:2315:1926
aml,1231,35:954:1103:458
mut,1232,2359:499:1622:1218
lis,1233,2033:1246:2619:469
mcg,1234,184:1936:225:2400
mdl,1235,65:2311:1842:2042
coi,1236,333:758:334:1512
cku,1237,167:1926:837:2315
bin,1238,1742:699:1874:1038
har,1239,1306:2067:883:901
udh,1240,1837:2676:1335:655
car,1241,609:2137:1567:1161
ren,1242,1969:2647:1313:2145
cln,1243,2364:2319:483:1654
ewa,1244,1245:26:2561:376
ewe,1245,26:1244:2561:569
acn,1246,1233:2033:386:2284
bgl,1247,1437:1830:2211:1894
ayo,1248,1927:1991:402:420
yms,1249,1789:1288:1968:1966
kss,1250,1251:1596:1695:2312
kis,1251,1250:1596:1695:2312
itz,1252,1207:949:1913:446
han,1253,2418:440:610:1706
zha,1254,158:2010:2378:1413
mak,1255,460:1303:2216:263
hok,1256,2289:2309:1257:122
chz,1257,122:2289:1256:2666
tuy,1258,1419:2668:727:1531
gaa,1259,1140:204:944:1670
mmw,1260,1997:1959:1583:271
ald,1261,736:1211:2082:2468
tki,1262,377:2592:321:561
kut,1263,135:2113:2629:1336
tor,1264,1979:751:1970:1128
bnr,1265,719:1266:896:390
ngy,1266,719:565:1265:390
toy,1267,1268:616:2077:741
tsm,1268,1267:616:741:2077
meh,1269,1272:1271:1273:1270
hrs,1270,1271:1272:1269:1273
bth,1271,1272:1270:1269:1273
jib,1272,1271:1270:1269:1273
soq,1273,1272:1269:1271:1270
lgi,1274,2429:2280:1298:1381
may,1275,950:2385:1453:3
kmj,1276,2290:870:945:1511
biu,1277,2501:1829:276:1559
zap,1278,1279:1618:2532:1281
zsq,1279,1278:1618:1286:1281
zai,1280,1960:756:320:1617
zya,1281,1283:1618:2532:1619
zaq,1282,1285:320:319:536
zzo,1283,1281:1618:2532:1286
zaj,1284,1004:1001:1005:1286
zam,1285,1282:1278:320:1279
zpi,1286,1283:1284:1281:1001
zte,1287,926:925:928:927
muh,1288,1789:1134:1249:1968
pra,1289,1496:1635:1663:1152
tet,1290,1041:1658:339:1538
day,1291,1193:2476:575:310
bmb,1292,2234:915:738:1576
pal,1293,2314:922:2039:1680
urn,1294,657:1375:265:501
rum,1295,1385:1720:2239:1621
wgu,1296,1121:2174:1815:1225
ksp,1297,1033:1956:1359:13
irq,1298,2280:382:1274:1381
trr,1299,701:1610:968:2061
toz,1300,521:1598:761:855
mrt,1301,2582:1467:2438:2440
nob,1302,769:770:720:2176
qui,1303,263:1255:2216:2217
izh,1304,2085:1535:622:189
diz,1305,214:1614:1626:2433
kob,1306,1239:2067:883:901
kaj,1307,1431:621:417:238
tmo,1308,1311:291:2559:1310
tod,1309,1556:822:2492:2019
tis,1310,2490:988:1392:987
tib,1311,1308:1310:2490:291
oir,1312,2489:1796:2374:2657
tna,1313,870:1276:1969:945
yaq,1314,931:388:495:306
stl,1315,1734:1446:1806:1816
giz,1316,1782:2478:1191:112
nar,1317,474:1478:1773:2237
nza,1318,729:193:192:2322
crt,1319,2297:269:1886:1056
kpn,1320,1380:1093:2093:735
hma,1321,1951:2498:492:76
mrd,1322,590:473:1148:1766
yor,1323,179:2172:1009:2379
sar,1324,2192:2068:235:1878
guq,1325,601:600:150:1510
bee,1326,1916:1492:1491:2472
avo,1327,605:212:1202:1360
kdw,1328,510:1394:1229:2424
urh,1329,1158:2580:1:67
ork,1330,655:2135:656:1335
nia,1331,1091:39:956:2415
swv,1332,1190:154:2564:1333
swe,1333,2631:2641:952:1190
tnj,1334,914:1668:421:1209
orc,1335,1837:2135:1240:1197
bla,1336,1263:1160:2113:1077
nel,1337,1486:703:247:1150
kem,1338,809:1478:261:1773
kms,1339,70:1034:1736:1468
tuc,1340,346:707:1877:885
sgl,1341,1463:1739:1738:2470
tas,1342,1074:1073:1184:2318
eip,1343,1947:1867:540:230
cpn,1344,882:387:642:1179
dhw,1345,1747:1988:79:177
bzi,1346,2646:942:1495:1780
vag,1347,1562:482:1438:2165
ocu,1348,939:530:535:529
bag,1349,4:2563:431:1033
idn,1350,1379:1026:1493:1529
psm,1351,1423:1412:2031:638
heh,1352,1591:227:1583:2542
plk,1353,2535:1439:2003:200
api,1354,2081:2188:990:2436
ria,1355,379:1766:997:473
klk,1356,2255:1359:2616:730
kxo,1357,2635:1053:761:2310
pso,1358,1460:1897:826:1022
lel,1359,2255:1297:1956:2616
lgt,1360,2044:605:36:911
dri,1361,1684:2092:1663:2017
bkd,1362,2556:1373:401:2139
acm,1363,823:992:29:1470
abz,1364,1429:724:864:411
cbo,1365,1986:10:2096:195
any,1366,845:1948:1417:2567
ata,1367,444:2355:2620:1145
akl,1368,328:274:2409:1930
rtk,1369,1226:658:2:2205
kje,1370,1024:875:2551:746
kak,1371,2087:1611:2403:1610
tgo,1372,1866:1067:345:805
mwb,1373,2556:401:1362:1525
mga,1374,729:193:192:1688
tsr,1375,1474:1294:794:1838
lda,1376,2544:2613:1669:1824
pow,1377,861:2115:2277:2390
kaw,1378,405:1229:2021:270
mnv,1379,1350:1026:1529:1493
nkr,1380,1320:449:856:1532
pre,1381,2429:1274:1298:702
che,1382,11:1664:1932:2630
msk,1383,1637:1929:1094:541
isi,1384,816:977:91:1780
pdp,1385,1295:1720:1621:1798
kou,1386,2227:778:810:8
wrs,1387,2587:1068:2518:201
nak,1388,2395:1500:41:196
coo,1389,1230:2671:1180:2315
kal,1390,1152:180:1635:1177
jpn,1391,2397:368:689:2566
lep,1392,988:325:438:1758
drg,1393,1981:2251:1581:125
ayr,1394,1229:1328:2424:1056
ror,1395,999:1114:664:570
tir,1396,1567:200:1161:1241
tzs,1397,1398:755:752:754
tzz,1398,1397:755:1399:752
tzo,1399,71:73:1398:74
grt,1400,257:749:2394:1995
tha,1401,1479:2555:58:1045
onn,1402,103:1949:959:202
goo,1403,2391:1756:1570:326
esm,1404,734:215:1579:1577
cnm,1405,2055:588:572:2599
kkw,1406,1707:42:1615:52
dbw,1407,1408:1771:1426:546
dan,1408,1407:1426:1771:2348
aco,1409,83:2354:1541:1606
hln,1410,644:2270:665:1480
mki,1411,2630:1664:903:305
mtt,1412,2031:638:202:881
jad,1413,2491:2431:2679:1254
wtm,1414,1462:615:1554:1727
pir,1415,2079:1983:1826:2133
swi,1416,2056:22:1770:1673
nue,1417,1481:1366:845:2142
pna,1418,2233:941:1965:624
bno,1419,1258:2134:2668:727
wnt,1420,1783:1653:701:967
bho,1421,1344:1806:2621:882
akk,1422,737:2372:852:1526
mic,1423,1351:1178:1412:2031
atm,1424,2553:269:2538:2297
ngl,1425,1490:284:812:1588
wob,1426,1408:1407:1771:2348
lmh,1427,385:2273:2516:61
brr,1428,1992:998:573:1027
krc,1429,1364:724:864:1674
mid,1430,583:1677:2475:1911
els,1431,621:1068:238:430
amq,1432,765:2030:1810:1780
mud,1433,2103:2122:634:2469
nga,1434,2249:1833:267:2057
ycn,1435,1580:507:1685:2083
ter,1436,2190:255:363:832
nbr,1437,1247:1830:2211:1894
lob,1438,1562:1705:2126:1347
way,1439,2535:1353:695:200
ora,1440,2172:620:312:2580
olm,1441,264:1888:2600:2674
kry,1442,1584:1030:2162:1958
klb,1443,771:1201:832:112
dgi,1444,2558:1744:2019:822
cre,1445,1920:1160:1336:311
mgh,1446,1816:45:2621:2119
tgp,1447,732:186:2515:61
kel,1448,260:1072:2213:372
agu,1449,1135:1760:1017:244
bur,1450,835:1636:1390:1572
oks,1451,578:1575:2513:2524
tum,1452,764:2519:844:1117
ina,1453,950:2181:1275:3
yny,1454,1564:2340:410:1107
sgr,1455,248:1128:1970:1979
gku,1456,929:33:2570:253
nma,1457,604:2552:2589:69
rga,1458,30:168:206:2328
lye,1459,1133:1732:668:793
pme,1460,826:1358:1897:1022
cut,1461,535:677:1348:797
tap,1462,1414:1554:1727:615
bob,1463,1341:1738:1739:2470
nad,1464,2323:983:1593:346
hid,1465,814:1539:2369:965
tzu,1466,244:783:1898:784
yin,1467,2582:2313:2445:2440
cly,1468,70:1736:1339:2669
pem,1469,1227:594:991:2640
yan,1470,29:823:210:1035
juk,1471,1935:8:778:1386
kbu,1472,1801:290:2335:431
anx,1473,767:159:146:422
acu,1474,2276:1375:794:504
uku,1475,1585:128:747:1334
wic,1476,1918:1707:1170:2253
nav,1477,1541:1606:1409:83
knm,1478,1317:474:1773:1338
nkt,1479,1401:2555:58:1045
sed,1480,644:313:1410:340
shl,1481,2142:1417:1124:1929
krl,1482,2564:1787:154:622
tse,1483,61:2515:186:1447
jcr,1484,1912:55:236:402
tau,1485,341:2131:1797:219
nyl,1486,1337:703:247:1150
shh,1487,101:2207:1983:1986
kbo,1488,1462:615:1414:2528
cri,1489,2571:2586:848:847
myi,1490,1425:284:1869:16
fio,1491,2472:1492:1326:2473
kon,1492,1491:2472:1916:1326
gap,1493,1529:1210:1350:1379
gnb,1494,2263:1182:1883:944
obk,1495,2324:245:942:1346
wgl,1496,1635:1289:180:879
dul,1497,469:1687:2619:1612
ibi,1498,2036:406:292:1700
sud,1499,1141:304:768:1550
kau,1500,2395:196:1388:757
hum,1501,2393:742:2141:2083
bsi,1502,1186:2148:720:2157
hhu,1503,2194:2525:2527:2166
mua,1504,2291:2221:1772:1904
xar,1505,850:2412:1150:515
lau,1506,75:19:1931:494
mkg,1507,916:1508:2661:1069
mdk,1508,1507:916:1069:1623
buj,1509,838:1016:1169:1569
crp,1510,150:1827:2134:692
tes,1511,355:1715:870:1276
aci,1512,1675:334:1135:1898
bsq,1513,1515:1517:1518:1516
bqb,1514,1519:1513:1515:1516
bqg,1515,1513:1518:1517:1514
bqh,1516,1519:1513:1523:1517
bql,1517,1518:1520:1513:1515
bqn,1518,1517:1515:1520:1513
bqo,1519,1516:1514:1513:1523
bqr,1520,1524:1517:1518:1521
bqs,1521,1520:1524:1517:1516
bso,1522,1524:1520:1518:1517
bqz,1523,1516:1519:1521:1513
bqi,1524,1520:1522:1521:1517
mgn,1525,1040:2199:1373:401
akc,1526,1422:737:2372:852
gcy,1527,2152:2159:2675:2151
grk,1528,2601:1647:1613:403
wed,1529,1550:1493:1379:768
mer,1530,2102:725:2419:1719
des,1531,1834:1877:727:1258
mok,1532,2576:449:1835:1380
png,1533,1583:2305:1959:1591
ldo,1534,2062:1774:292:1569
est,1535,1304:2085:189:1896
kre,1536,721:722:2084:1794
abi,1537,1701:836:1735:459
kte,1538,602:1057:339:338
akr,1539,814:2369:1465:633
pan,1540,2337:1444:2558:2019
jem,1541,83:1697:1696:1477
mtl,1542,2350:98:1953:49
lai,1543,1062:2304:900:1906
ttu,1544,792:422:767:663
mhk,1545,2166:2525:844:2526
dts,1546,1547:2673:2458:2655
dds,1547,1546:2655:1823:2673
koo,1548,222:1199:1087:461
dja,1549,1225:2174:232:1121
taw,1550,768:1529:1379:1493
mrw,1551,176:2581:2642:177
agt,1552,2356:2442:2342:1109
ven,1553,1595:82:168:855
kai,1554,1727:1462:7:1885
gol,1555,1714:1156:762:1596
tni,1556,1309:822:2492:2019
lmb,1557,1598:271:2046:1300
tiw,1558,739:1140:1670:68
akh,1559,1563:2501:2370:175
cah,1560,932:466:480:478
ken,1561,607:2193:2252:140
dga,1562,1705:1438:482:1347
lu,1563,2370:1559:2501:936
grr,1564,1454:2340:640:410
kyq,1565,1566:2071:344:698
nuu,1566,1565:344:2071:460
srm,1567,1161:2137:1241:1396
oma,1568,1838:657:217:1157
bnk,1569,174:1169:2062:1534
wlm,1570,1403:2391:1756:94
ber,1571,744:2124:845:261
blt,1572,1573:1634:1744:1636
prk,1573,1572:1744:1634:2195
gdi,1574,2456:2546:2468:2457
dun,1575,1451:1748:17:578
mmp,1576,738:63:1769:1292
qim,1577,109:734:297:2551
qhu,1578,1654:359:2079:2283
qec,1579,215:1404:1577:734
ret,1580,507:1435:1685:1419
agl,1581,1607:125:625:2241
bgo,1582,579:2329:155:1590
kga,1583,1533:1959:1352:1591
alu,1584,1442:1030:2162:1958
dgx,1585,1475:128:129:127
otr,1586,541:1124:1637:1383
lnw,1587,954:102:1214:1768
nkb,1588,812:1147:2261:1943
dug,1589,369:1860:723:1626
jmo,1590,212:1327:1202:605
pog,1591,1352:1533:2305:227
olo,1592,283:2191:627:1117
wrk,1593,983:1176:18:885
kun,1594,538:2427:782:611
stn,1595,2328:1553:168:827
bnd,1596,1250:1695:1251:1555
knr,1597,2335:2295:234:1603
ila,1598,1300:521:761:1557
gar,1599,1875:2413:1723:116
kse,1600,229:362:2367:2458
kch,1601,2673:1823:2655:1546
toq,1602,494:1925:1726:19
mrg,1603,234:1443:771:832
mda,1604,2321:1961:1782:1316
yir,1605,799:2301:1189:1109
zun,1606,1409:1477:2130:1698
lez,1607,1581:125:625:2241
dgb,1608,915:1576:738:2234
qaf,1609,1671:2143:172:1773
auy,1610,414:1611:1299:1371
usr,1611,1610:2403:1371:2639
nax,1612,2421:469:2619:2386
alb,1613,403:1649:1879:1528
dim,1614,1305:214:2433:1626
cmc,1615,42:1406:636:526
url,1616,144:1915:1644:1085
mco,1617,2532:1619:1002:1618
mth,1618,2532:1281:1283:1619
mtp,1619,1002:2532:1281:1618
dhi,1620,164:163:866:226
paw,1621,281:1385:1720:2639
sal,1622,499:1232:2359:576
mkn,1623,2027:1069:2210:2661
krf,1624,218:400:1742:1210
nis,1625,2018:2499:2360:2559
mle,1626,214:369:1305:1589
kpm,1627,252:203:90:2212
grs,1628,872:1746:1903:1825
adn,1629,1713:1863:2529:2065
kzh,1630,2026:1631:1881:1208
don,1631,1630:2026:1881:2106
mwe,1632,2245:1772:2242:1591
kho,1633,1112:1662:1788:1113
bkt,1634,1572:1573:1744:2195
sav,1635,1496:180:1289:879
sna,1636,835:1450:1390:1152
sht,1637,1383:541:1094:1929
mng,1638,1055:2423:996:2225
crh,1639,1123:1775:66:2281
yta,1640,1642:1641:1643:2209
tlb,1641,1642:1640:1643:846
nok,1642,1641:1640:1643:486
nog,1643,486:545:1473:767
jah,1644,1085:1765:1130:1132
rwe,1645,476:2452:178:2597
rka,1646,1853:1880:1650:880
rav,1647,2601:1528:1652:403
rnr,1648,622:946:2085:1304
rbu,1649,403:1613:1880:1646
rlo,1650,880:1853:1646:775
rbg,1651,1857:1854:821:880
rse,1652,1647:2601:1528:710
nnk,1653,1420:351:1783:500
cas,1654,1578:800:2364:359
lur,1655,251:323:2293:608
kgu,1656,2450:1901:2664:2670
uyg,1657,971:2357:1725:972
mit,1658,1028:324:2047:437
hwc,1659,593:2667:612:424
gro,1660,641:2455:966:1699
maa,1661,702:1298:1381:382
nro,1662,1112:1113:1053:1054
ktz,1663,1289:1496:1635:1152
crk,1664,11:2630:1382:1411
khg,1665,96:78:2420:2048
mta,1666,877:2338:418:264
anc,1667,1039:831:584:2265
eya,1668,914:1334:1209:2274
rru,1669,2034:2035:2544:2613
iwa,1670,944:1259:1140:1494
hrr,1671,2143:1609:1134:1288
yes,1672,465:516:1144:1545
tab,1673,2056:1416:22:898
mgl,1674,724:864:1429:982
pkm,1675,1512:1135:334:1449
slp,1676,209:149:1100:923
ddf,1677,583:1430:1794:1820
trd,1678,2643:2636:886:197
kil,1679,2024:602:271:1538
gll,1680,126:1151:1090:1770
cze,1681,2577:1776:759:2108
pot,1682,153:2596:2090:947
wya,1683,103:2545:959:1402
psh,1684,1361:2017:1663:1496
mcn,1685,1580:507:1419:2134
kuv,1686,693:2060:1104:2244
raw,1687,2497:1497:553:552
ngb,1688,619:2662:2465:841
ttb,1689,1736:1468:138:70
tmi,1690,1691:1192:543:316
tvo,1691,1690:1192:543:316
lao,1692,479:1829:182:1479
ute,1693,1477:2130:1698:1541
put,1694,1137:249:785:1698
lma,1695,1596:1250:1251:1156
trg,1696,1697:412:1541:83
tsj,1697,1696:412:1541:83
tew,1698,2130:1606:1137:1477
vat,1699,2546:1574:2456:2468
def,1700,43:2036:406:574
mcv,1701,1537:1735:459:836
sel,1702,256:253:33:1456
pam,1703,636:526:1029:2422
kjr,1704,723:439:369:1589
ssa,1705,1562:1438:1732:482
lch,1706,610:136:440:2418
ton,1707,1918:1406:52:1476
skw,1708,2337:1540:955:2491
srd,1709,1185:2548:1976:1971
koh,1710,2451:1172:2112:443
wbn,1711,1043:2579:496:791
bgs,1712,508:2254:2210:1069
diy,1713,2529:2654:1743:1629
vai,1714,1555:762:1156:1596
seb,1715,2634:1511:804:1969
mku,1716,1842:2562:1235:2311
rov,1717,1722:849:853:2269
nez,1718,1077:119:2629:2113
gog,1719,2419:1115:714:1060
dad,1720,1798:1385:2428:1799
ful,1721,216:921:2080:2541
hoa,1722,1717:849:853:2269
khs,1723,254:277:492:2147
kfy,1724,2278:973:1204:2407
kgz,1725,971:2357:1657:1000
ckh,1726,2269:1037:1909:1602
kie,1727,1554:503:1885:1462
ccp,1728,788:480:5:481
nju,1729,2121:2677:2443:2353
awd,1730,2483:551:2049:2627
kef,1731,1750:2129:166:873
kow,1732,1133:1459:1705:1562
omh,1733,686:2222:2594:2369
mto,1734,1315:1806:438:2557
tob,1735,459:1701:2021:270
shr,1736,70:1468:138:1339
krz,1737,2228:980:865:1216
bol,1738,1739:1463:1341:2384
nto,1739,1738:1341:1463:566
jaq,1740,2283:2133:646:1826
shn,1741,82:2046:1300:1904
oro,1742,1038:1042:1238:400
abn,1743,2654:1713:2632:1629
kas,1744,1573:1572:2558:1444
lok,1745,2312:2254:237:762
mug,1746,872:1628:413:1903
dhu,1747,1345:1988:2077:1922
edo,1748,2037:17:1575:1060
tll,1749,645:2179:2180:41
koe,1750,1731:2129:166:1614
rik,1751,6:2536:998:1027
jab,1752,560:1100:923:1676
pop,1753,1755:2053:557:2051
psj,1754,678:1007:1006:2051
psv,1755,1753:557:2053:2383
bnb,1756,2391:1403:94:160
lgu,1757,19:1925:75:1931
ath,1758,2557:325:438:2048
kwe,1759,1017:2028:1071:81
kea,1760,2533:1449:1017:784
tso,1761,1145:2620:2272:918
grw,1762,1763:1764:2097:2098
gre,1763,1762:1764:2554:592
gso,1764,1762:1763:2554:592
smj,1765,1085:1130:1132:1644
ylm,1766,473:1355:997:379
alk,1767,209:1653:1676:923
pms,1768,2509:102:2185:1587
buy,1769,482:63:2462:1576
bui,1770,126:1416:1151:221
gue,1771,1407:1426:1408:546
mkd,1772,1632:2245:2305:2607
tig,1773,1317:474:172:2237
eja,1774,292:1534:1710:1498
sre,1775,1639:1123:404:66
plb,1776,2577:1849:1852:759
yzv,1777,1778:2232:2014:2387
kzy,1778,1777:2232:2014:2387
noc,1779,745:552:878:553
wrm,1780,1346:1384:977:1432
blx,1781,904:903:80:416
mof,1782,1316:2478:1604:112
adz,1783,701:968:1420:967
bac,1784,68:2042:2562:2311
trc,1785,674:1786:671:672
tri,1786,1785:674:671:672
ski,1787,1482:858:2564:1648
krn,1788,1171:666:1633:1112
chh,1789,1288:1249:1134:2146
spc,1790,779:1342:1184:1074
ast,1791,2063:1514:1519:1515
spa,1792,2382:1523:1519:1516
gag,1793,2202:2624:2120:705
kar,1794,1950:228:1536:14
kra,1795,735:467:2093:595
shy,1796,2489:2374:2307:790
kmn,1797,1799:219:2131:1919
gln,1798,1720:2428:1799:219
tba,1799,219:1797:2131:2428
zan,1800,92:287:2322:409
bud,1801,1472:2335:431:1597
shw,1802,2596:153:2390:2277
kir,1803,940:2126:1163:169
itw,1804,2231:137:2503:2161
wwy,1805,2409:1930:274:2139
mai,1806,2101:1165:643:78
dym,1807,2298:940:966:2455
gae,1808,142:381:2591:2452
sab,1809,2127:2206:2678:2114
bik,1810,765:1432:2030:1780
tua,1811,951:912:139:802
msc,1812,2238:782:2400:184
tem,1813,2461:1887:943:211
hnd,1814,437:2316:1154:2136
wrg,1815,34:1121:1296:1225
kur,1816,1446:45:124:2119
hui,1817,1990:2064:2294:1029
pur,1818,114:527:939:1348
zaz,1819,867:131:982:1064
msl,1820,1910:462:14:1911
pac,1821,12:2118:183:313
mpr,1822,1868:554:185:934
boz,1823,2655:1547:1546:365
nbo,1824,2317:975:2316:2136
ame,1825,1903:1628:872:1746
cax,1826,2133:1415:2186:2079
yrt,1827,692:727:1510:1834
djr,1828,326:1403:1570:1756
mlm,1829,1277:1692:1401:936
trb,1830,2211:1894:772:1437
drm,1831,2604:2431:1994:2491
war,1832,2096:585:2243:1365
ene,1833,2057:1993:1434:267
cac,1834,1531:727:1827:692
kos,1835,2576:1532:449:165
kta,1836,570:1841:760:451
nai,1837,1335:1240:2676:2135
iqu,1838,1568:1375:1157:794
gdb,1839,1104:2244:548:693
tgb,1840,851:2504:2568:2659
tpi,1841,760:1836:570:451
mrh,1842,1716:2562:1235:777
mgi,1843,1210:1493:1529:218
gpz,1844,1850:1858:1856:1051
gba,1845,1852:1858:1776:1850
gbl,1846,759:2108:2577:1849
gbe,1847,1856:1049:1052:1850
gha,1848,1859:2361:2648:1855
gma,1849,2648:1852:1859:1776
gos,1850,1844:1858:1856:1051
grp,1851,2074:1855:2015:2637
gth,1852,1849:2648:1776:1859
gti,1853,1646:1650:880:1880
gau,1854,821:981:1651:1857
gwe,1855,2076:1851:2637:1096
gzu,1856,1858:1850:1844:1049
gvi,1857,1651:1854:1681:821
gtg,1858,1850:1844:1856:1051
ger,1859,1848:2648:2361:1849
mee,1860,1871:869:1589:899
cvc,1861,2058:505:464:1040
pui,1862,185:554:308:1822
bnl,1863,32:890:1629:2632
leb,1864,279:287:1028:192
tun,1865,416:904:1170:2430
sgu,1866,1372:1067:805:345
ktn,1867,1343:1947:1902:2579
mpy,1868,1822:554:161:934
knq,1869,16:964:284:812
sml,1870,331:1132:1907:1130
abo,1871,869:1860:899:1589
nyi,1872,649:920:2454:415
nag,1873,2522:2521:2095:1066
guh,1874,699:995:97:773
deu,1875,1599:2413:1723:2147
per,1876,397:2330:363:2549
gno,1877,1531:885:1340:707
chb,1878,2068:1144:465:1324
bos,1879,1880:1649:1613:1646
scr,1880,1879:1646:1649:1853
mul,1881,1208:2026:1630:580
kky,1882,2212:1982:2302:2161
grg,1883,1182:1213:2263:517
mla,1884,1220:358:1138:887
mbo,1885,503:1727:7:1554
chu,1886,459:2424:1319:2297
cum,1887,2331:569:211:26
myn,1888,1441:1131:264:886
nym,1889,818:2169:2542:151
bis,1890,1111:63:2462:738
kna,1891,585:2606:1832:2271
tim,1892,353:2206:2659:1809
kyr,1893,51:2522:201:2518
brc,1894,2211:1830:772:1437
snd,1895,2347:1803:940:2348
liv,1896,189:589:2203:889
ptw,1897,1358:1460:826:1022
cak,1898,1466:334:244:783
nim,1899,238:278:417:430
krj,1900,1095:302:897:2111
wlw,1901,2664:1656:2450:839
aba,1902,51:2522:1893:1873
bau,1903,1825:1628:872:648
sen,1904,2221:1741:1108:2291
bad,1905,862:255:1031:100
chs,1906,231:2304:76:1951
mlc,1907,331:1132:243:1870
rnn,1908,1931:1757:75:1506
lav,1909,1037:1726:1925:2269
mii,1910,1820:462:1911:930
tma,1911,462:1910:1820:1187
hcr,1912,1484:402:1927:582
mce,1913,949:2377:1207:1252
bou,1914,2023:960:868:2318
ace,1915,144:1939:2502:2415
ifm,1916,1326:1492:250:1491
akn,1917,2561:376:569:1245
kit,1918,1707:1476:1170:52
wah,1919,1797:199:1799:219
sto,1920,1160:776:1445:2002
dak,1921,633:2296:85:2090
wem,1922,2308:1988:2077:741
hmo,1923,1924:2026:2421:190
hmd,1924,1923:2418:2026:190
gel,1925,1037:1602:494:1757
mll,1926,2315:1237:1180:1230
pap,1927,1248:402:1991:420
yyg,1928,79:436:435:432
kro,1929,1383:1637:1094:1124
ceb,1930,274:2139:1362:401
aro,1931,75:1506:1757:19
ctw,1932,1382:2115:2277:1377
gon,1933,188:2060:378:1686
ham,1934,286:2248:1012:740
agh,1935,970:1143:1471:1386
pla,1936,225:1234:184:2016
nnc,1937,1938:2502:1939:1025
nca,1938,1937:1025:2502:1939
nic,1939,2502:1937:1938:1915
kol,1940,935:121:2638:766
ptp,1941,1046:645:1093:1749
bry,1942,2061:414:2248:1299
rit,1943,807:806:2392:517
axv,1944,958:448:2260:670
vie,1945,404:842:1775:156
kng,1946,518:405:270:1378
una,1947,1343:1867:2579:2660
mrl,1948,2567:1366:1977:2405
ond,1949,1402:103:202:959
gul,1950,1794:228:1536:721
pte,1951,1321:2498:492:1906
nbb,1952,2045:458:2507:1103
yki,1953,2350:49:2220:1542
ann,1954,2261:964:2275:806
khm,1955,156:842:1945:104
ker,1956,13:2066:1033:1297
ytu,1957,1958:1584:863:1442
yko,1958,1957:1584:863:1442
nyh,1959,1583:1533:1260:2305
hve,1960,1280:756:320:319
pod,1961,2321:1604:2123:1782
mne,1962,823:1035:1964:2104
thp,1963,1189:2301:99:1605
was,1964,2104:1962:917:1035
uma,1965,2233:624:1418:623
kul,1966,1967:1968:1626:1305
gam,1967,1966:1968:439:1626
wly,1968,1967:439:1966:2479
pkt,1969,1715:2634:870:497
bnt,1970,1128:1979:1264:751
itn,1971,2548:1976:1879:1973
itu,1972,1975:2171:1049:1052
ifi,1973,1974:1976:1975:2548
itb,1974,1973:1976:1975:981
itg,1975,1972:1974:1973:2171
ita,1976,1973:2548:1974:1975
maj,1977,2567:2129:873:166
akb,1978,852:2372:737:1025
tno,1979,1264:1970:1128:751
kws,1980,1219:785:1998:661
lak,1981,1393:2251:2241:1581
btk,1982,2161:2302:1882:2212
amc,1983,2207:1415:2186:2079
uzn,1984,1985:2184:1110:1000
uzb,1985,1984:2184:1110:1361
ana,1986,1365:2208:10:2096
ige,1987,2112:2038:1172:429
yyo,1988,2077:1922:2308:741
rti,1989,2107:1483:385:1427
tpc,1990,2064:1817:2294:527
cuc,1991,225:1936:1076:1248
gto,1992,1428:233:1328:998
ket,1993,2057:2373:1833:267
chd,1994,2604:408:1831:2431
bgg,1995,257:941:1400:749
yna,1996,1118:2306:347:241
tbw,1997,1260:271:632:2024
yok,1998,661:1219:662:1980
dah,1999,2144:383:2078:471
knd,2000,798:391:860:907
mbm,2001,730:374:2020:1188
crq,2002,1200:776:2288:698
gfr,2003,1161:2535:200:2137
sey,2004,275:2607:1999:2144
lcr,2005,2006:2376:1014:1927
mqc,2006,2005:2376:1014:1927
buu,2007,2138:2177:1223:484
alc,2008,836:2570:1537:1701
urd,2009,884:2609:888:2628
nyk,2010,1254:2378:158:2492
yam,2011,1101:800:1654:1983
mna,2012,2266:859:684:2345
bjs,2013,974:2568:1892:2206
mns,2014,2232:1777:1778:2387
lux,2015,2074:1851:2073:2605
cui,2016,293:1936:1234:225
orm,2017,1684:879:1496:1635
apt,2018,1625:2499:2559:2360
ptt,2019,822:2558:1309:1556
sle,2020,1188:374:2088:2001
mca,2021,270:1735:405:459
krk,2022,20:210:29:1020
bmz,2023,1914:960:868:2318
hem,2024,1679:1997:632:2047
tel,2025,630:378:188:2000
sui,2026,1630:1881:1631:1208
mjk,2027,1623:2661:1069:916
chj,2028,1759:1017:549:1449
fef,2029,2122:1433:2103:561
wrp,2030,1432:765:2646:1346
abw,2031,202:638:1412:1949
aho,2032,2594:686:301:2369
jng,2033,1233:1246:1779:2497
ldu,2034,2035:1669:2044:36
nti,2035,2034:2349:1669:2381
kan,2036,1700:43:406:574
kll,2037,1748:1060:17:2189
ido,2038,1987:1172:443:2451
uli,2039,922:629:1293:652
hba,2040,1063:2155:2388:2644
heb,2041,1063:2040:2644:2388
mlk,2042,2311:1784:2562:1235
rad,2043,2281:813:66:1639
dgo,2044,1360:36:2464:911
mae,2045,458:1952:2507:1103
nse,2046,1108:1557:1741:1598
leg,2047,437:1658:1814:1167
klg,2048,2420:1665:2494:78
kmh,2049,2483:551:2627:2486
qia,2050,1048:2495:2496:1224
mzh,2051,678:1754:145:1007
mzc,2052,145:1005:2053:1004
ixc,2053,2052:557:145:1753
hau,2054,1011:1198:488:2163
den,2055,588:1405:587:272
wma,2056,22:1416:898:1673
skp,2057,1993:1833:2373:267
ykn,2058,505:1861:464:1040
ksg,2059,763:1106:276:1070
prd,2060,2244:1686:60:1104
ape,2061,1942:1299:414:1610
bkn,2062,1534:1569:174:292
glc,2063,1791:2550:1514:1519
cor,2064,1990:1817:2294:1818
pkn,2065,2308:2417:1922:1629
mdg,2066,2463:13:1191:1956
klq,2067,1306:199:989:1239
iat,2068,1878:1324:1144:2192
srn,2069,815:1181:789:40
thn,2070,801:643:642:1165
kwk,2071,1565:698:1566:1200
rej,2072,2183:2598:332:2267
dbr,2073,2408:2074:2075:2015
dli,2074,2073:2408:1851:2075
duz,2075,2408:2073:2074:2637
dut,2076,2637:1096:1099:1855
wwr,2077,741:1988:616:1922
kba,2078,542:2647:702:1661
cpa,2079,1415:2133:359:1826
cnl,2080,2081:2188:2436:1354
ckr,2081,2188:2080:1354:2436
abd,2082,1211:736:1261:1699
adk,2083,2141:1435:1580:507
aja,2084,721:722:155:1536
vot,2085,1304:1535:622:2564
alx,2086,956:144:1091:39
beb,2087,1371:2403:341:2639
mum,2088,397:1188:1876:2020
wau,2089,105:834:782:586
men,2090,947:1682:2296:1921
dre,2091,726:659:515:2412
mog,2092,2326:1361:1684:1985
kuo,2093,735:1795:467:1941
gad,2094,639:1136:396:2230
nam,2095,1873:283:2523:2191
ese,2096,1832:1365:585:1986
iql,2097,2098:2572:2615:1762
ins,2098,2097:2572:2615:2663
kpa,2099,367:1471:1935:348
aik,2100,1206:2537:2608:819
cml,2101,78:96:1665:2557
bro,2102,725:1530:2356:1719
mgk,2103,2469:1433:810:1143
nsn,2104,1035:917:1964:1218
mnu,2105,2500:511:1821:12
mie,2106,1058:1630:1631:522
saw,2107,1989:996:2423:1055
sou,2108,759:2577:1846:1776
xav,2109,874:573:2539:427
dji,2110,2449:896:640:284
nyu,2111,2399:897:1095:94
nke,2112,1987:1172:1710:2451
kls,2113,2629:1077:1263:135
kbr,2114,2127:317:1809:2678
tus,2115,1377:2277:861:1932
dum,2116,637:728:976:2520
yav,2117,774:62:788:249
sap,2118,665:104:1410:313
khr,2119,45:1816:1446:2621
rom,2120,1793:1650:2202:1853
ngj,2121,1729:2443:828:2353
yem,2122,2029:1433:2103:2469
gdf,2123,234:2295:1961:2321
ssh,2124,261:1571:2146:635
cmk,2125,1021:2217:2218:263
tny,2126,1163:1164:169:1803
klt,2127,1809:2206:2678:2114
wlf,2128,984:1174:1008:1507
gim,2129,1750:1731:166:873
hop,2130,1698:1606:1477:1137
sia,2131,219:1799:341:1797
ses,2132,2453:2328:207:206
nom,2133,1826:2079:1415:2283
tty,2134,1419:1258:727:1510
ulc,2135,1197:656:1335:1330
kin,2136,2316:1814:975:1167
ara,2137,609:1241:1567:1161
lrk,2138,2177:1223:484:2007
mmn,2139,1362:1930:2556:1373
jiv,2140,240:2276:1579:501
mui,2141,2083:1501:1061:2393
laf,2142,1481:1124:1586:1929
orh,2143,1671:1609:1134:1288
orw,2144,1999:383:471:2187
orb,2145,723:1704:1860:1589
owc,2146,1249:1789:635:1288
bod,2147,2645:2360:2413:291
aeg,2148,2157:2041:2644:1063
arg,2149,2154:2480:2293:2414
arq,2150,2336:706:419:1655
arl,2151,2675:2160:2159:2158
ako,2152,1527:2159:2675:2151
ars,2153,172:1609:2237:475
abh,2154,2149:2480:2293:938
apa,2155,2388:2040:1063:2644
arh,2156,2414:2157:720:769
arv,2157,2041:1063:2040:2644
asy,2158,2151:2160:2675:2159
abe,2159,2675:2151:2160:2155
anl,2160,2151:2675:2159:2158
blg,2161,1982:2302:2231:1804
ite,2162,1584:1442:1958:656
gwo,2163,488:2230:584:831
tli,2164,2274:2300:524:1668
naf,2165,457:1347:2298:1807
uri,2166,2526:2525:1545:2672
ynm,2167,2640:1227:106:876
eka,2168,461:31:2198:2366
sdw,2169,818:2280:824:2542
occ,2170,1228:1522:1524:2171
pro,2171,1972:1975:2170:1847
gho,2172,1440:312:620:2580
luv,2173,23:718:602:1538
mbb,2174,1549:1225:1296:1121
dng,2175,566:1041:2593:338
bej,2176,475:474:2237:1317
aln,2177,1223:2138:484:2007
bmn,2178,2592:887:2029:561
bng,2179,1749:645:2180:41
mli,2180,2179:41:1749:645
iha,2181,2517:1453:3:910
wn,2182,1109:2301:799:1605
eno,2183,2072:2267:2598:563
ygn,2184,1110:1000:969:1985
lew,2185,961:2509:1768:102
mch,2186,1415:1826:1983:2207
mbg,2187,471:383:2429:1381
gjj,2188,2081:1354:2080:2574
foe,2189,1060:2239:2346:2037
bpa,2190,832:1126:1436:1603
au,2191,283:1117:844:1592
ala,2192,152:1324:2068:235
dnw,2193,607:1561:2252:140
amb,2194,1503:2525:2527:1878
lad,2195,2019:1744:1309:822
cai,2196,2197:2433:899:869
trm,2197,2196:2433:1977:2567
mni,2198,2646:942:461:1495
tbo,2199,1525:1040:445:1373
sak,2200,1103:919:1231:2045
ydl,2201,843:2204:796:775
ydb,2202,2624:1793:2120:705
ylt,2203,889:589:1896:1175
ydd,2204,843:2201:889:589
nas,2205,614:2:399:1369
lud,2206,1809:2127:1892:2678
csh,2207,1983:2186:1415:1487
tac,2208,1986:1155:10:2534
kuq,2209,1393:670:1473:1981
gbc,2210,1069:508:1623:1508
bri,2211,1830:772:1894:1437
kao,2212,1882:2302:90:1982
mus,2213,595:467:1795:735
lum,2214,2218:2219:2217:2215
sch,2215,2217:2219:2216:2214
soo,2216,263:2217:2215:2219
sgs,2217,2215:2216:2219:2125
sss,2218,2214:2219:2217:2125
sst,2219,2215:2217:2214:2530
pmc,2220,428:49:1460:826
yao,2221,1108:1504:1904:2305
oto,2222,1733:686:2594:1183
crl,2223,652:2039:629:2224
pul,2224,856:629:1380:652
bim,2225,1638:996:1055:2423
jav,2226,1092:1139:2282:563
bab,2227,778:1386:810:2469
udi,2228,1737:980:865:1216
umb,2229,2332:718:48:716
kgm,2230,1136:1166:2163:831
ibn,2231,1804:137:2161:2503
kty,2232,2014:1777:1778:268
npu,2233,624:1418:1965:623
anu,2234,915:1292:147:2461
col,2235,318:1397:755:754
eve,2236,170:973:2278:1724
bln,2237,474:475:1317:1773
acg,2238,1081:1812:184:2426
kew,2239,2189:1060:2346:1720
bug,2240,2643:1678:197:886
tsa,2241,625:1581:2251:1607
kmi,2242,948:227:2245:1352
ito,2243,40:195:1832:789
kda,2244,2060:60:1839:1686
mtb,2245,1632:948:2242:1591
mkz,2246,321:838:1262:377
mik,2247,277:937:2552:254
mey,2248,286:1942:1934:2061
dol,2249,1434:1833:267:1993
brb,2250,2460:2590:943:833
arc,2251,1981:2241:2260:1944
bid,2252,2193:607:1561:140
cmn,2253,1476:301:509:2354
sus,2254,1745:237:1712:364
ngm,2255,1359:1356:2476:1297
txj,2256,2531:532:1078:2257
tpa,2257,2259:2256:2258:2531
tot,2258,2259:534:2257:2256
tos,2259,534:2257:2258:2256
hzb,2260,448:1044:1944:663
nug,2261,812:964:1954:1588
kth,2262,421:1209:747:2365
ndj,2263,1494:1182:1883:1213
rap,2264,929:1811:1740:912
tok,2265,348:2330:1667:367
wlo,2266,2012:684:859:2410
lmp,2267,2598:563:2282:2183
pae,2268,586:834:105:2089
kkt,2269,1726:1909:1037:1602
bra,2270,1410:644:665:1480
kaa,2271,691:819:1891:2608
ami,2272,1761:1145:918:2620
ked,2273,2516:61:1427:2515
tut,2274,1209:914:2164:1668
glp,2275,808:806:2653:1943
zpr,2276,1474:504:794:1375
tte,2277,2390:1377:2115:861
dgr,2278,1724:1204:973:2407
mei,2279,2543:76:69:231
dat,2280,1298:382:1274:2169
mge,2281,2043:66:1639:813
meb,2282,563:1139:2267:2598
qta,2283,359:2133:1740:2079
lal,2284,2386:1246:175:2619
mwc,2285,2303:315:685:766
msg,2286,452:453:454:455
baw,2287,117:123:1089:900
git,2288,2300:750:1200:56
xia,2289,1256:1257:2309:122
nyg,2290,945:1276:986:2411
eko,2291,1504:1904:2221:1772
inu,2292,128:747:1475:1996
mma,2293,2480:1655:133:251
tps,2294,2064:1817:1990:1029
mlg,2295,2123:234:2335:1961
ojm,2296,85:633:1921:2090
wch,2297,1319:269:1886:1056
bnq,2298,1807:966:457:2455
akm,2299,1089:123:2287:117
nsg,2300,750:2288:524:525
knc,2301,799:1189:1605:1109
ifu,2302,1982:2161:2212:1882
kkz,2303,2285:315:685:766
cti,2304,1062:1906:1543:900
ngo,2305,1533:1591:1583:1352
yus,2306,347:1996:241:1118
amd,2307,790:336:1224:1796
mdm,2308,1922:2065:1988:2417
fuz,2309,1256:2289:2355:1367
yey,2310,606:2635:1053:761
pun,2311,2042:1235:2562:1784
kko,2312,1745:1251:1250:762
pny,2313,1467:2652:2445:2582
son,2314,1293:1680:126:248
klp,2315,1926:1180:1230:167
nko,2316,2317:1814:1154:2136
rny,2317,2316:1824:2349:1154
bfg,2318,1073:447:1074:1342
qca,2319,483:1243:2364:556
xer,2320,2436:2362:1088:2080
uld,2321,1961:1604:2123:1782
brz,2322,1800:2084:1318:721
daw,2323,1464:983:1593:346
skr,2324,1495:245:977:942
mwa,2325,2650:2344:1570:2448
tex,2326,2327:895:2092:343
twx,2327,2326:343:895:262
ndb,2328,1595:30:168:827
din,2329,579:1582:155:2084
jar,2330,1876:2265:397:1667
llm,2331,569:211:1887:26
mhu,2332,48:1054:1142:1113
puq,2333,423:1018:2534:1155
tke,2334,802:650:285:2434
hdi,2335,2295:234:2123:1597
krd,2336,419:706:1064:198
bgi,2337,1540:1708:1444:2492
plp,2338,877:1666:2674:373
mmo,2339,803:2603:1192:1690
yuk,2340,1107:410:1564:1454
ynk,2341,2435:393:2632:829
kuu,2342,2442:2356:2446:1552
ago,2343,2633:1083:345:213
ylb,2344,2448:2325:2650:1570
kjo,2345,2410:330:2240:2012
kgl,2346,901:2239:902:2189
jel,2347,1895:940:1803:2126
mka,2348,1426:1408:1407:1771
tal,2349,1154:1084:2035:2317
kto,2350,1953:49:1542:2220
ksi,2351,440:1159:610:1706
ivs,2352,327:713:87:2503
bdm,2353,491:598:603:2677
tws,2354,83:1541:1409:1697
taq,2355,1367:444:2620:1145
uhi,2356,1552:2442:2342:725
ayn,2357,1725:1657:1450:971
kmw,2358,2311:2042:1235:65
cos,2359,1232:499:1218:1622
bgn,2360,291:2645:1625:2147
lge,2361,1848:1859:2648:1098
jva,2362,1088:2320:427:2436
ati,2363,2585:2545:2031:1683
qan,2364,1243:2319:1654:483
kgt,2365,2389:2262:2274:1209
mrs,2366,910:2517:2168:3
fli,2367,362:148:229:2371
pin,2368,2435:2325:393:2650
lkt,2369,1539:814:1465:686
jin,2370,1563:1559:936:2501
zar,2371,2367:148:362:1600
gan,2372,852:737:1978:1422
yug,2373,1993:2669:2057:1468
syg,2374,1796:2489:790:2307
lno,2375,2612:398:2152:1652
gdl,2376,2005:2006:1014:1927
grf,2377,1913:949:704:1236
spi,2378,2010:1309:2492:1556
npi,2379,2467:2626:1212:2466
mcr,2380,978:2607:2004:2291
les,2381,2471:2464:1084:911
lse,2382,1792:1523:1516:1519
mxs,2383,1786:1785:683:674
bbl,2384,651:2623:2465:1463
abu,2385,239:1275:950:519
bai,2386,2284:2619:1612:1246
kop,2387,316:544:543:1691
dom,2388,2644:2155:1063:2040
sla,2389,2365:2274:46:2262
asl,2390,2277:861:1377:825
kfc,2391,1756:1403:94:1570
djm,2392,807:2653:1943:517
htt,2393,1501:742:2141:794
lje,2394,623:624:2233:1965
kkv,2395,196:1500:1019:1388
mxg,2396,672:680:676:671
nih,2397,1391:368:2566:689
arp,2398,2527:2672:933:2525
brd,2399,2111:897:1095:354
tnb,2400,184:1234:225:1936
hmu,2401,979:89:1061:1102
qco,2402,1181:2538:815:2553
ygr,2403,2639:1611:2087:1371
asm,2404,220:2660:470:1080
par,2405,2425:617:2411:618
brl,2406,2486:957:2485:2583
jur,2407,2676:973:1724:2278
vla,2408,2073:2075:2074:2637
bkl,2409,1805:1368:328:252
sly,2410,2345:330:2240:2012
did,2411,2425:945:2290:2405
tay,2412,515:1505:850:1150
kac,2413,1875:1599:2147:1723
ams,2414,2156:2149:2480:2154
skl,2415,39:2086:956:144
mkh,2416,1204:2278:1724:282
ngi,2417,2581:2065:176:2308
yi,2418,1253:190:1706:610
kiw,2419,1719:1295:1385:1060
she,2420,1665:2048:96:2494
pum,2421,1612:469:2619:2386
ots,2422,1078:113:2531:528
keo,2423,1055:1638:385:996
lng,2424,1229:1886:1394:459
ten,2425,2405:2411:617:986
nuk,2426,1081:692:601:1325
cat,2427,538:1594:782:1812
syu,2428,219:1799:2131:1798
gor,2429,1274:1381:908:1298
cck,2430,903:904:107:11
mrc,2431,2491:1831:2604:2679
ipi,2432,121:955:2638:2621
mur,2433,1614:214:1305:869
fue,2434,650:285:1215:1120
pit,2435,2341:393:2368:828
krh,2436,2320:1354:2081:2362
bxj,2437,187:2438:603:1301
dhl,2438,2437:187:1301:2582
ggd,2439,2625:2670:1107:2340
vka,2440,2445:2444:2582:1467
kyt,2441,2449:258:591:640
lnj,2442,2342:2356:1552:2446
mrj,2443,829:32:2632:2121
nlr,2444,2440:2445:2582:302
nly,2445,2440:2444:1467:2652
ump,2446,2342:2442:1963:1189
wkw,2447,434:141:433:432
wbt,2448,2344:2650:302:2652
wru,2449,640:2441:2110:591
ylr,2450,839:1656:1901:2664
agb,2451,1710:1172:443:1498
wec,2452,1645:476:142:2597
huc,2453,827:2132:1112:2328
tia,2454,920:649:1872:415
wna,2455,1660:966:1426:1807
ddj,2456,2468:1574:2546:2457
ney,2457,2456:1574:2468:2546
jms,2458,1546:2673:1547:2655
nrg,2459,162:169:1164:793
wwa,2460,833:147:2250:943
ncm,2461,943:1813:2234:915
xsm,2462,1111:63:1769:482
mmi,2463,1191:2066:112:1316
myg,2464,911:2044:2381:1360
mnz,2465,2662:651:841:1688
ajg,2466,1212:2626:2467:211
guw,2467,2626:1212:2379:2466
avk,2468,2456:2546:1574:2457
mkq,2469,810:2103:1143:2227
mdw,2470,250:194:1463:1341
bdu,2471,2381:1084:2464:409
vif,2472,1491:1492:1326:2473
kwy,2473,1491:2472:1326:1492
sku,2474,716:2593:566:2175
zag,2475,1911:462:1910:1820
mgq,2476,1193:575:1291:2255
tsk,2477,1601:1600:2673:1823
hna,2478,112:1782:1201:1316
sid,2479,1968:439:1704:1967
arj,2480,2293:2149:1655:2154
ryu,2481,2355:1367:444:2620
bkb,2482,866:907:906:391
rji,2483,551:2049:2627:550
ksn,2484,2555:58:1955:134
nmm,2485,2583:2406:1179:2486
tbx,2486,957:2406:2485:2627
tdi,2487,2420:2070:2493:1665
tdr,2488,2679:408:2010:1413
amt,2489,1796:2374:2307:790
shg,2490,1310:988:1392:987
rpa,2491,2431:1831:1413:2679
xns,2492,1556:1309:822:2378
wme,2493,2487:2656:387:2070
ybi,2494,987:2048:2420:325
gyc,2495,1048:2496:2050:2658
rgc,2496,1048:2495:2050:2658
tvt,2497,553:552:1687:309
ral,2498,1951:1321:900:492
mhl,2499,2018:1625:2559:454
lic,2500,2105:511:1821:12
khn,2501,1559:1563:1277:2370
smp,2502,1939:1937:1938:1915
agd,2503,137:1804:2231:87
bgz,2504,2659:2568:353:1892
ttd,2505,732:1447:985:186
lab,2506,817:840:149:740
vnm,2507,458:1952:2045:1214
psw,2508,1214:1587:2509:2507
lmu,2509,1768:2185:102:1587
erk,2510,2512:961:2185:288
ndr,2511,1120:1119:1215:2434
mxe,2512,2510:961:2185:2509
mpt,2513,322:578:2524:2523
mkj,2514,985:953:2505:2578
abv,2515,186:61:1447:732
adg,2516,2273:61:2515:186
bdw,2517,2181:910:3:1453
dlm,2518,201:1893:1066:51
brp,2519,627:2665:1452:1592
fqs,2520,728:2665:637:627
kwt,2521,1873:1066:2522:2587
bio,2522,51:1066:1893:1873
amm,2523,2524:711:2095:1902
owi,2524,711:2523:2513:578
urt,2525,2166:1503:2526:2194
xbi,2526,2166:2525:2672:2527
aoj,2527,2672:2398:2525:2526
kmz,2528,933:2068:1488:615
inn,2529,1713:93:1629:259
msq,2530,2651:2219:1105:2214
tee,2531,2256:1078:532:528
mxx,2532,1618:1281:1619:1283
qum,2533,1760:784:1071:244
lec,2534,1155:2208:2333:423
eme,2535,1353:200:2003:1439
kyz,2536,2540:181:1751:2539
kno,2537,2100:1206:2608:819
cpy,2538,1018:2553:2402:423
kkq,2539,874:427:181:573
pnx,2540,2536:181:2539:1751
kqq,2541,88:216:2588:1721
tsl,2542,824:2169:818:908
kbi,2543,2279:76:69:599
nub,2544,1376:2613:1669:355
alg,2545,1683:84:2585:2363
ega,2546,2456:2468:1574:1699
kkl,2547,1125:1092:2225:2226
lii,2548,1976:1971:1973:1974
kwm,2549,363:397:1876:255
lgp,2550,687:2063:1792:1791
iga,2551,746:109:1024:1577
npn,2552,1457:604:2589:599
qbo,2553,2538:2402:1181:269
ics,2554,592:50:1763:1808
ths,2555,58:1479:1401:1045
kuz,2556,1373:1362:401:1525
bel,2557,1758:325:438:2101
goj,2558,2019:822:1556:1309
slg,2559,2499:1625:2018:2360
klr,2560,597:490:2575:1065
ada,2561,376:1245:26:1244
emm,2562,1716:1842:1784:2311
mbr,2563,4:1033:472:431
fsl,2564,154:1535:2085:1304
lsf,2565,667:1847:2170:2605
ssl,2566,689:395:2397:1391
blj,2567,1977:1948:2197:2129
kdz,2568,2659:2504:1892:353
mtg,2569,2572:1178:2363:1351
lsa,2570,2008:1537:836:1701
kym,2571,1489:2586:848:847
nsk,2572,2569:2097:2098:2363
laa,2573,310:575:1291:2476
usl,2574,86:2188:2081:990
kbt,2575,597:262:608:2560
pgl,2576,1532:1835:449:1380
srb,2577,759:2108:1776:1846
tgn,2578,953:2514:2602:820
krw,2579,1043:1711:1947:220
ise,2580,1329:1158:67:312
aus,2581,2417:1551:176:259
nlu,2582,1301:2440:1467:2445
nph,2583,2485:1179:2406:2486
plg,2584,303:1070:386:175
lsq,2585,2363:2545:84:1683
urm,2586,848:847:846:2571
imo,2587,1387:2518:1066:201
lsb,2588,2109:2320:874:427
sem,2589,604:878:1457:937
bok,2590,1009:2250:1198:2460
irs,2591,208:380:381:142
bfi,2592,377:1262:561:2178
ktb,2593,2474:566:716:2175
psl,2594,686:2032:1733:2222
myo,2595,110:1205:306:307
kic,2596,153:1682:1802:947
bsl,2597,631:476:2452:1645
kag,2598,2267:2072:564:2183
mts,2599,298:572:1102:2401
smd,2600,2674:1129:877:1666
gsl,2601,1528:1647:1613:403
let,2602,820:953:2578:2514
rsl,2603,2339:1192:543:1690
kum,2604,1831:1994:2431:408
alt,2605,1856:1858:1847:2015
jum,2606,272:587:748:1891
com,2607,1772:1632:1504:2245
mek,2608,819:1206:2100:2537
ipk,2609,888:884:2009:2628
csl,2610,191:395:47:924
sps,2611,1021:539:690:2125
tui,2612,398:2375:2152:1527
ugs,2613,2544:1376:1669:355
nzs,2614,568:1267:1747:1268
inr,2615,2663:2098:311:2097
lam,2616,2066:2463:360:1956
ojs,2617,2663:2296:85:2649
nbh,2618,892:893:1586:541
nus,2619,469:1612:1233:2386
tzi,2620,1145:444:1761:1367
dar,2621,45:1446:2119:1816
qcu,2622,101:646:423:2186
aka,2623,2384:1196:2465:2662
mol,2624,2202:1793:2120:705
ngw,2625,2439:2670:1059:1107
wmn,2626,2467:1212:2466:2379
chn,2627,2406:2486:957:2485
vas,2628,685:884:315:2285
spo,2629,2113:1077:523:135
smn,2630,1664:1411:11:1382
svt,2631,1333:2641:111:952
gug,2632,829:32:1743:1863
pri,2633,2343:1083:213:43
buk,2634,804:1715:497:1969
ani,2635,1053:1357:2310:1142
atb,2636,886:2643:1678:197
ned,2637,2076:1099:1096:2074
hlb,2638,1933:2060:2244:60
hua,2639,2403:2087:1611:2131
bah,2640,2167:1227:876:1469
nte,2641,952:1333:2631:111
gny,2642,259:1551:93:176
mms,2643,1678:2636:886:197
iss,2644,2388:1063:2155:2040
shd,2645,2147:2360:291:1625
kkr,2646,942:1346:2198:1495
ksl,2647,542:2078:1242:1969
dge,2648,1849:1859:1848:1852
mcf,2649,85:1465:814:633
mnj,2650,2325:2344:2448:1570
hli,2651,2530:2219:1105:2214
bly,2652,2445:2313:1467:2440
guf,2653,808:2392:806:807
wgg,2654,1743:1713:394:2529
bgm,2655,1823:1547:1546:2673
kgy,2656,387:882:642:1179
knz,2657,2658:54:130:2307
khd,2658,2657:2496:1048:2495
bwc,2659,2568:353:2504:1892
mqf,2660,220:1080:1947:540
csk,2661,916:2027:1623:1508
nbm,2662,2465:841:567:651
cea,2663,2617:2615:2649:2296
bnu,2664,1901:1656:2450:839
wom,2665,2520:728:2519:627
hks,2666,522:1257:122:2106
isl,2667,612:613:781:129
mkw,2668,1258:707:1531:1419
ktt,2669,1468:520:2373:70
myy,2670,2625:2439:1656:2450
cco,2671,24:1389:2022:20
aab,2672,2527:2526:2398:2525
tms,2673,1546:2458:2655:1547
kua,2674,2600:1129:877:1666
lgh,2675,2151:2160:2159:2158
rcp,2676,1240:2407:1837:1335
jua,2677,2353:598:491:603
keu,2678,1809:2127:2206:2114
joh,2679,2431:408:2491:2604
