"feature_ID","temperature","feature_frequency","isogloss_density","value_ID_up","value_ID_down","resampled","sample_size","neighbourhood_size","rep"
"13A",0.0150805729488023,0.445920303605313,0.241555783009212,"2:3","1",TRUE,333,29,1
"13A",0.0224613131913542,0.40607210626186,0.249471458773784,"2:3","1",TRUE,327,29,2
"13A",0.0113085088054382,0.385199240986717,0.222505091649695,"2:3","1",TRUE,336,29,3
"13A",0.0135335939238012,0.398481973434535,0.230844314299658,"2:3","1",TRUE,345,29,4
"13A",0.0182148685985846,0.417457305502846,0.244126659856997,"2:3","1",TRUE,337,29,5
"13A",0.0191614443777561,0.394686907020873,0.241581259150805,"2:3","1",TRUE,344,29,6
"13A",0.0178002065787195,0.415559772296015,0.243023845763572,"2:3","1",TRUE,335,29,7
"13A",0.00635887573411874,0.42314990512334,0.212335692618807,"2:3","1",TRUE,327,29,8
"13A",0.0114131556620634,0.415559772296015,0.228456913827655,"2:3","1",TRUE,337,29,9
"13A",0.00982650863051756,0.402277039848197,0.221669980119284,"2:3","1",TRUE,340,29,10
"13A",0.0190733967533941,0.407969639468691,0.244102564102564,"2:3","1",TRUE,329,29,11
"13A",0.0121173692103797,0.438330170777989,0.233512457254519,"2:3","1",TRUE,342,29,12
"13A",0.00873763984032046,0.404174573055028,0.218508997429306,"2:3","1",TRUE,331,29,13
"13A",0.017555954331699,0.390891840607211,0.237832413447065,"2:3","1",TRUE,332,29,14
"13A",0.0128946940182916,0.407969639468691,0.231037924151697,"2:3","1",TRUE,336,29,15
"13A",0.00966937803651966,0.464895635673624,0.228809152366095,"2:3","1",TRUE,327,29,16
"13A",0.0103609968139124,0.415559772296015,0.225470763131814,"2:3","1",TRUE,342,29,17
"13A",0.0139770185467667,0.432637571157495,0.23746835443038,"2:3","1",TRUE,336,29,18
"13A",0.013440420033294,0.402277039848197,0.2313705054716,"2:3","1",TRUE,331,29,19
"13A",0.0157550484107358,0.432637571157495,0.241446725317693,"2:3","1",TRUE,339,29,20
"13A",0.0165356717374034,0.362428842504744,0.228865979381443,"2:3","1",TRUE,331,29,21
"13A",0.0136588313080872,0.434535104364326,0.236943907156673,"2:3","1",TRUE,346,29,22
"13A",0.0116521653985844,0.445920303605313,0.233067729083665,"2:3","1",TRUE,336,29,23
"13A",0.00819202632308842,0.402277039848197,0.21630859375,"2:3","1",TRUE,344,29,24
"13A",0.0126885016658804,0.411764705882353,0.231196365471984,"2:3","1",TRUE,336,29,25
"13A",0.0110256509742602,0.415559772296015,0.227429699062654,"2:3","1",TRUE,342,29,26
"13A",0.0152903857427699,0.402277039848197,0.235501765002521,"2:3","1",TRUE,336,29,27
"13A",0.0123996475519262,0.419354838709677,0.231695085255767,"2:3","1",TRUE,331,29,28
"13A",0.00931959285384382,0.413662239089184,0.221989528795812,"2:3","1",TRUE,330,29,29
"13A",0.0154318801548181,0.425047438330171,0.239733059548255,"2:3","1",TRUE,327,29,30
"13A",0.00906558302363684,0.413662239089184,0.221138211382114,"2:3","1",TRUE,320,29,31
"13A",0.0116521653985844,0.44022770398482,0.232474226804124,"2:3","1",TRUE,323,29,32
"13A",0.0141714778237842,0.434535104364326,0.238190954773869,"2:3","1",TRUE,336,29,33
"13A",0.0114394683373826,0.426944971537002,0.230194319880419,"2:3","1",TRUE,337,29,34
"13A",0.0218994921374891,0.417457305502846,0.250627825213461,"2:3","1",TRUE,336,29,35
"13A",0.0103848837697395,0.381404174573055,0.219098143236074,"2:3","1",TRUE,329,29,36
"13A",0.0139448690849119,0.42314990512334,0.23609022556391,"2:3","1",TRUE,335,29,37
"13A",0.018172971378427,0.402277039848197,0.24132730015083,"2:3","1",TRUE,327,29,38
"13A",0.00936261445201069,0.417457305502846,0.222722722722723,"2:3","1",TRUE,334,29,39
"13A",0.0216986963995063,0.390891840607211,0.245067497403946,"2:3","1",TRUE,329,29,40
"13A",0.0123426706618573,0.42314990512334,0.232080200501253,"2:3","1",TRUE,340,29,41
"13A",0.0103133876077637,0.385199240986717,0.219704433497537,"2:3","1",TRUE,341,29,42
"13A",0.0145016073418263,0.44022770398482,0.239648033126294,"2:3","1",TRUE,321,29,43
"13A",0.0145016073418263,0.417457305502846,0.23644578313253,"2:3","1",TRUE,338,29,44
"13A",0.0125721612028276,0.438330170777989,0.23469387755102,"2:3","1",TRUE,345,29,45
"13A",0.0104088257962002,0.438330170777989,0.228701825557809,"2:3","1",TRUE,333,29,46
"13A",0.0107994923295631,0.394686907020873,0.223084886128364,"2:3","1",TRUE,325,29,47
"13A",0.0217487220690158,0.387096774193548,0.244246861924686,"2:3","1",TRUE,326,29,48
"13A",0.0219499807353258,0.436432637571158,0.253593429158111,"2:3","1",TRUE,329,29,49
"13A",0.0189857537114844,0.434535104364326,0.24812030075188,"2:3","1",TRUE,336,29,50
"13A",0.0146358025439033,0.42314990512334,0.237633365664403,"2:3","1",TRUE,344,29,51
"13A",0.0103371648020471,0.438330170777989,0.228527607361963,"2:3","1",TRUE,332,29,52
"13A",0.0109497433622519,0.409867172675522,0.226248775710088,"2:3","1",TRUE,342,29,53
"13A",0.01067585927084,0.421252371916509,0.227272727272727,"2:3","1",TRUE,332,29,54
"13A",0.0131647295379223,0.4573055028463,0.238095238095238,"2:3","1",TRUE,331,29,55
"13A",0.0139770185467667,0.402277039848197,0.232594936708861,"2:3","1",TRUE,327,29,56
"13A",0.0205793352966214,0.44022770398482,0.251707829742512,"2:3","1",TRUE,321,29,57
"13A",0.0109749876549306,0.426944971537002,0.228939544103072,"2:3","1",TRUE,341,29,58
"13A",0.0107251417378789,0.417457305502846,0.226844972758791,"2:3","1",TRUE,341,29,59
"13A",0.0122295011121405,0.425047438330171,0.232047159699893,"2:3","1",TRUE,326,29,60
"13A",0.00736862980950253,0.432637571157495,0.217726396917148,"2:3","1",TRUE,346,29,61
"13A",0.0142368969503412,0.449715370018975,0.239980207817912,"2:3","1",TRUE,335,29,62
"13A",0.0120062654424141,0.394686907020873,0.226312939902545,"2:3","1",TRUE,319,29,63
"13A",0.0137218839286449,0.402277039848197,0.232016210739615,"2:3","1",TRUE,334,29,64
"13A",0.0122859555829397,0.436432637571158,0.233706720977597,"2:3","1",TRUE,327,29,65
"13A",0.0100554205759454,0.396584440227704,0.221298701298701,"2:3","1",TRUE,323,29,66
"13A",0.00694039420371328,0.411764705882353,0.213176218532405,"2:3","1",TRUE,319,29,67
"13A",0.0104088257962002,0.466793168880455,0.231234256926952,"2:3","1",TRUE,338,29,68
"13A",0.0119236066551008,0.436432637571158,0.232788509162952,"2:3","1",TRUE,341,29,69
"13A",0.0150805729488023,0.398481973434535,0.234343434343434,"2:3","1",TRUE,329,29,70
"13A",0.010148471585006,0.464895635673624,0.230339928970066,"2:3","1",TRUE,335,29,71
"13A",0.0102188244890026,0.459203036053131,0.230125523012552,"2:3","1",TRUE,321,29,72
"13A",0.0121733060519546,0.434535104364326,0.233234714003945,"2:3","1",TRUE,342,29,73
"13A",0.0171168301950016,0.400379506641366,0.238897396630934,"2:3","1",TRUE,333,29,74
"13A",0.017636997057979,0.390891840607211,0.23792394655704,"2:3","1",TRUE,333,29,75
"13A",0.0163840566958898,0.398481973434535,0.237082066869301,"2:3","1",TRUE,334,29,76
"13A",0.0130140191405844,0.415559772296015,0.232617586912065,"2:3","1",TRUE,333,29,77
"13A",0.0129542191878177,0.449715370018975,0.236918604651163,"2:3","1",TRUE,342,29,78
"13A",0.00706943878928092,0.426944971537002,0.21583850931677,"2:3","1",TRUE,333,29,79
"13A",0.0105051471520458,0.402277039848197,0.223658051689861,"2:3","1",TRUE,329,29,80
"13A",0.00925543083383462,0.421252371916509,0.222913426645931,"2:3","1",TRUE,331,29,81
"13A",0.00929815624388622,0.444022770398482,0.225887056471764,"2:3","1",TRUE,334,29,82
"13A",0.0164596896462309,0.421252371916509,0.241265344664778,"2:3","1",TRUE,348,29,83
"13A",0.0091494742583894,0.396584440227704,0.218483174284279,"2:3","1",TRUE,336,29,84
"13A",0.0190733967533941,0.409867172675522,0.244444444444444,"2:3","1",TRUE,333,29,85
"13A",0.00971401433157404,0.436432637571158,0.226377952755905,"2:3","1",TRUE,343,29,86
"13A",0.0128650340824416,0.461100569259962,0.237652811735941,"2:3","1",TRUE,339,29,87
"13A",0.0107004721322663,0.394686907020873,0.222803347280335,"2:3","1",TRUE,323,29,88
"13A",0.011127680316639,0.409867172675522,0.226735218508997,"2:3","1",TRUE,324,29,89
"13A",0.00847994116913373,0.428842504743833,0.221341785525621,"2:3","1",TRUE,320,29,90
"13A",0.023090659846179,0.394686907020873,0.248112732762959,"2:3","1",TRUE,336,29,91
"13A",0.0154674578744341,0.402277039848197,0.235894941634241,"2:3","1",TRUE,343,29,92
"13A",0.0164976369486545,0.411764705882353,0.23979057591623,"2:3","1",TRUE,325,29,93
"13A",0.010148471585006,0.42314990512334,0.225991649269311,"2:3","1",TRUE,326,29,94
"13A",0.01067585927084,0.438330170777989,0.229524772497472,"2:3","1",TRUE,343,29,95
"13A",0.0132865535191533,0.404174573055028,0.231347020530796,"2:3","1",TRUE,334,29,96
"13A",0.0158642681488036,0.409867172675522,0.238190954773869,"2:3","1",TRUE,340,29,97
"13A",0.0143686425712345,0.390891840607211,0.231202046035806,"2:3","1",TRUE,337,29,98
"13A",0.0122576958464987,0.428842504743833,0.232688391038697,"2:3","1",TRUE,332,29,99
"13A",0.0216487857973374,0.428842504743833,0.252020202020202,"2:3","1",TRUE,335,29,100
"13A",0.00910743204817128,0.468690702087287,0.227201667535175,"2:3","1",TRUE,328,29,101
"13A",0.0161220677578528,0.40607210626186,0.237974683544304,"2:3","1",TRUE,338,29,102
"13A",0.0132255012597172,0.447817836812144,0.237373737373737,"2:3","1",TRUE,339,29,103
"13A",0.0259681758929653,0.409867172675522,0.255467196819085,"2:3","1",TRUE,331,29,104
"13A",0.0139448690849119,0.44022770398482,0.238299904489016,"2:3","1",TRUE,344,29,105
"13A",0.0116253634847317,0.419354838709677,0.229625832906202,"2:3","1",TRUE,334,29,106
"13A",0.0165356717374034,0.409867172675522,0.239561586638831,"2:3","1",TRUE,327,29,107
"13A",0.0148736391802075,0.40607210626186,0.235352532274081,"2:3","1",TRUE,335,29,108
"13A",0.014434971860142,0.390891840607211,0.231328806983511,"2:3","1",TRUE,346,29,109
"13A",0.0101718685705295,0.426944971537002,0.226542249870399,"2:3","1",TRUE,334,29,110
"13A",0.0135647952035667,0.402277039848197,0.231633130556855,"2:3","1",TRUE,348,29,111
"13A",0.00910743204817128,0.426944971537002,0.22319587628866,"2:3","1",TRUE,322,29,112
"13A",0.0150805729488023,0.421252371916509,0.238383838383838,"2:3","1",TRUE,327,29,113
"13A",0.0108493455180763,0.44022770398482,0.230186774356386,"2:3","1",TRUE,336,29,114
"13A",0.0225650002950264,0.413662239089184,0.251046025104602,"2:3","1",TRUE,323,29,115
"13A",0.0154674578744341,0.407969639468691,0.236994219653179,"2:3","1",TRUE,324,29,116
"13A",0.00929815624388622,0.402277039848197,0.220021413276231,"2:3","1",TRUE,322,29,117
"13A",0.0208656511979627,0.388994307400379,0.243311458859162,"2:3","1",TRUE,337,29,118
"13A",0.0115986232197281,0.390891840607211,0.224458983392048,"2:3","1",TRUE,338,29,119
"13A",0.00411492037735426,0.396584440227704,0.196961475854585,"2:3","1",TRUE,319,29,120
"13A",0.019972390234023,0.409867172675522,0.24601593625498,"2:3","1",TRUE,336,29,121
"13A",0.0174350879472146,0.407969639468691,0.240987654320988,"2:3","1",TRUE,334,29,122
"13A",0.0102659971678737,0.411764705882353,0.224582701062215,"2:3","1",TRUE,342,29,123
"13A",0.0114394683373826,0.421252371916509,0.229450327786183,"2:3","1",TRUE,338,29,124
"13A",0.0165737942141745,0.411764705882353,0.239941118743867,"2:3","1",TRUE,343,29,125
"13A",0.00910743204817128,0.445920303605313,0.225395206527282,"2:3","1",TRUE,338,29,126
"13A",0.0129840847371536,0.425047438330171,0.234042553191489,"2:3","1",TRUE,336,29,127
"13A",0.0179236040986379,0.436432637571158,0.246391239422598,"2:3","1",TRUE,334,29,128
"13A",0.0117059547416827,0.387096774193548,0.223992035838726,"2:3","1",TRUE,330,29,129
"13A",0.0122576958464987,0.434535104364326,0.233453052847614,"2:3","1",TRUE,332,29,130
"13A",0.0197892640313174,0.407969639468691,0.245368052078117,"2:3","1",TRUE,330,29,131
"13A",0.00881849634928588,0.402277039848197,0.218424962852897,"2:3","1",TRUE,338,29,132
"13A",0.0163840566958898,0.394686907020873,0.236336032388664,"2:3","1",TRUE,337,29,133
"13A",0.0106513030230789,0.436432637571158,0.229229229229229,"2:3","1",TRUE,337,29,134
"13A",0.0124282345536081,0.417457305502846,0.231434384537131,"2:3","1",TRUE,332,29,135
"13A",0.00849949140969088,0.428842504743833,0.221428571428571,"2:3","1",TRUE,335,29,136
"13A",0.0217988630711501,0.385199240986717,0.243927648578811,"2:3","1",TRUE,322,29,137
"13A",0.0146695449313531,0.44022770398482,0.239960337134358,"2:3","1",TRUE,339,29,138
"13A",0.0131042370646864,0.459203036053131,0.238095238095238,"2:3","1",TRUE,332,29,139
"13A",0.020531999410724,0.381404174573055,0.240909090909091,"2:3","1",TRUE,332,29,140
"13A",0.00940583464875778,0.404174573055028,0.220668996505242,"2:3","1",TRUE,342,29,141
"13A",0.0192056204916626,0.434535104364326,0.248533333333333,"2:3","1",TRUE,319,29,142
"13A",0.0196078169068655,0.390891840607211,0.241564006427424,"2:3","1",TRUE,320,29,143
"13A",0.0121453054281267,0.387096774193548,0.22507869884575,"2:3","1",TRUE,325,29,144
"13A",0.0129542191878177,0.375711574952562,0.224541751527495,"2:3","1",TRUE,340,29,145
"13A",0.00936261445201069,0.407969639468691,0.221207508878742,"2:3","1",TRUE,330,29,146
"13A",0.0120894972505689,0.394686907020873,0.226519337016575,"2:3","1",TRUE,339,29,147
"13A",0.0160110731628858,0.417457305502846,0.239795918367347,"2:3","1",TRUE,324,29,148
"13A",0.0212047249371945,0.40607210626186,0.247437774524158,"2:3","1",TRUE,343,29,149
"13A",0.0130740951450604,0.430740037950664,0.235053653551354,"2:3","1",TRUE,331,29,150
"13A",0.0164218296288993,0.383301707779886,0.233908948194662,"2:3","1",TRUE,330,29,151
"13A",0.0118415169435883,0.447817836812144,0.233785822021116,"2:3","1",TRUE,335,29,152
"13A",0.0178002065787195,0.402277039848197,0.240612648221344,"2:3","1",TRUE,339,29,153
"13A",0.00925543083383462,0.411764705882353,0.221465968586387,"2:3","1",TRUE,329,29,154
"13A",0.0102659971678737,0.407969639468691,0.223979591836735,"2:3","1",TRUE,330,29,155
"13A",0.0169208759771483,0.426944971537002,0.24306269270298,"2:3","1",TRUE,333,29,156
"13A",0.0215493087369342,0.400379506641366,0.246832235174861,"2:3","1",TRUE,336,29,157
"13A",0.012314280471324,0.421252371916509,0.231770833333333,"2:3","1",TRUE,328,29,158
"13A",0.0110765481682881,0.417457305502846,0.227848101265823,"2:3","1",TRUE,322,29,159
"13A",0.016843123856664,0.377609108159393,0.233351092168354,"2:3","1",TRUE,323,29,160
"13A",0.0157550484107358,0.425047438330171,0.240428790199081,"2:3","1",TRUE,326,29,161
"13A",0.00871754181885703,0.409867172675522,0.219364599092284,"2:3","1",TRUE,336,29,162
"13A",0.0136903213187461,0.434535104364326,0.237009544008484,"2:3","1",TRUE,318,29,163
"13A",0.0128650340824416,0.421252371916509,0.233119763430261,"2:3","1",TRUE,342,29,164
"13A",0.0111790485039214,0.42314990512334,0.229,"2:3","1",TRUE,334,29,165
"13A",0.0103848837697395,0.444022770398482,0.229256594724221,"2:3","1",TRUE,345,29,166
"13A",0.0162712584020115,0.404174573055028,0.237929318068691,"2:3","1",TRUE,340,29,167
"13A",0.0184682881792196,0.370018975332068,0.234454638124363,"2:3","1",TRUE,330,29,168
"13A",0.0131042370646864,0.430740037950664,0.235087719298246,"2:3","1",TRUE,339,29,169
"13A",0.0140739123337516,0.425047438330171,0.236613972463029,"2:3","1",TRUE,331,29,170
"13A",0.0153963842698605,0.436432637571158,0.241182572614108,"2:3","1",TRUE,326,29,171
"13A",0.0128059187221398,0.421252371916509,0.233009708737864,"2:3","1",TRUE,326,29,172
"13A",0.0145016073418263,0.396584440227704,0.232723577235772,"2:3","1",TRUE,337,29,173
"13A",0.00859792078140818,0.404174573055028,0.218037661050545,"2:3","1",TRUE,336,29,174
"13A",0.0116790291034157,0.453510436432638,0.233854166666667,"2:3","1",TRUE,329,29,175
"13A",0.0169989870210895,0.415559772296015,0.241433842909858,"2:3","1",TRUE,325,29,176
"13A",0.0143026180681353,0.447817836812144,0.239979445015416,"2:3","1",TRUE,332,29,177
"13A",0.0169989870210895,0.436432637571158,0.244554455445545,"2:3","1",TRUE,340,29,178
"13A",0.0118961803813181,0.428842504743833,0.231747527084315,"2:3","1",TRUE,350,29,179
"13A",0.0111020848055022,0.444022770398482,0.23132183908046,"2:3","1",TRUE,341,29,180
"13A",0.0138488637139387,0.373814041745731,0.22617853560682,"2:3","1",TRUE,332,29,181
"13A",0.0166120045811298,0.40607210626186,0.238987341772152,"2:3","1",TRUE,334,29,182
"13A",0.0190733967533941,0.434535104364326,0.248339294839039,"2:3","1",TRUE,332,29,183
"13A",0.0235199905935217,0.436432637571158,0.256140350877193,"2:3","1",TRUE,337,29,184
"13A",0.0131950804123214,0.407969639468691,0.231774761186526,"2:3","1",TRUE,341,29,185
"13A",0.0221531018122472,0.426944971537002,0.252620545073375,"2:3","1",TRUE,322,29,186
"13A",0.00982650863051756,0.438330170777989,0.226939203354298,"2:3","1",TRUE,325,29,187
"13A",0.0106513030230789,0.426944971537002,0.227997941327844,"2:3","1",TRUE,332,29,188
"13A",0.00793213211378445,0.434535104364326,0.22007722007722,"2:3","1",TRUE,346,29,189
"13A",0.00998619264868367,0.400379506641366,0.221748400852878,"2:3","1",TRUE,317,29,190
"13A",0.018341140706763,0.4573055028463,0.249406175771971,"2:3","1",TRUE,343,29,191
"13A",0.0147372632616734,0.396584440227704,0.233246753246753,"2:3","1",TRUE,332,29,192
"13A",0.0158642681488036,0.400379506641366,0.23642007242628,"2:3","1",TRUE,326,29,193
"13A",0.00917056808665487,0.396584440227704,0.218508997429306,"2:3","1",TRUE,329,29,194
"13A",0.00771593817022922,0.392789373814042,0.212866108786611,"2:3","1",TRUE,329,29,195
"13A",0.018172971378427,0.430740037950664,0.246099647710116,"2:3","1",TRUE,335,29,196
"13A",0.0092767689416885,0.407969639468691,0.220893970893971,"2:3","1",TRUE,325,29,197
"13A",0.0110765481682881,0.428842504743833,0.229500242600679,"2:3","1",TRUE,344,29,198
"13A",0.0122013712303497,0.411764705882353,0.229974160206718,"2:3","1",TRUE,324,29,199
"13A",0.0125143916054433,0.413662239089184,0.231036192364898,"2:3","1",TRUE,337,29,200
"13A",0.0113085088054382,0.402277039848197,0.225935162094763,"2:3","1",TRUE,341,29,201
"13A",0.0219499807353258,0.370018975332068,0.240365111561866,"2:3","1",TRUE,332,29,202
"13A",0.0163087712820636,0.394686907020873,0.236188545362392,"2:3","1",TRUE,331,29,203
"13A",0.00987187028014275,0.44022770398482,0.227272727272727,"2:3","1",TRUE,325,29,204
"13A",0.00955868257546241,0.462998102466793,0.228315054835494,"2:3","1",TRUE,338,29,205
"13A",0.0118688171925159,0.407969639468691,0.228404875463699,"2:3","1",TRUE,323,29,206
"13A",0.0112824973587724,0.453510436432638,0.232801595214357,"2:3","1",TRUE,339,29,207
"13A",0.0117599923899957,0.392789373814042,0.225294418842806,"2:3","1",TRUE,332,29,208
"13A",0.0138488637139387,0.445920303605313,0.238729508196721,"2:3","1",TRUE,331,29,209
"13A",0.011978649039705,0.421252371916509,0.230844314299658,"2:3","1",TRUE,345,29,210
"13A",0.0175155727236885,0.385199240986717,0.236455696202532,"2:3","1",TRUE,341,29,211
"13A",0.00929815624388622,0.409867172675522,0.221298701298701,"2:3","1",TRUE,330,29,212
"13A",0.0141063593008021,0.396584440227704,0.231808731808732,"2:3","1",TRUE,325,29,213
"13A",0.0129840847371536,0.430740037950664,0.234821876567988,"2:3","1",TRUE,335,29,214
"13A",0.00894118620755041,0.434535104364326,0.223599405057015,"2:3","1",TRUE,332,29,215
"13A",0.0128946940182916,0.411764705882353,0.231694560669456,"2:3","1",TRUE,329,29,216
"13A",0.00793213211378445,0.430740037950664,0.219594594594595,"2:3","1",TRUE,347,29,217
"13A",0.0096249468470754,0.42314990512334,0.224382553862323,"2:3","1",TRUE,321,29,218
"13A",0.0132559922414304,0.404174573055028,0.231225296442688,"2:3","1",TRUE,341,29,219
"13A",0.00912842894942901,0.428842504743833,0.22354694485842,"2:3","1",TRUE,337,29,220
"13A",0.0198348875639039,0.444022770398482,0.250883392226148,"2:3","1",TRUE,333,29,221
"13A",0.016843123856664,0.434535104364326,0.244007670182167,"2:3","1",TRUE,356,29,222
"13A",0.00832514946268765,0.413662239089184,0.218654434250765,"2:3","1",TRUE,334,29,223
"13A",0.0141063593008021,0.425047438330171,0.236677115987461,"2:3","1",TRUE,326,29,224
"13A",0.0178002065787195,0.402277039848197,0.240601503759398,"2:3","1",TRUE,338,29,225
"13A",0.0139770185467667,0.398481973434535,0.231891348088531,"2:3","1",TRUE,335,29,226
"13A",0.0194280334652529,0.390891840607211,0.241203467618562,"2:3","1",TRUE,338,29,227
"13A",0.0117599923899957,0.370018975332068,0.22015503875969,"2:3","1",TRUE,323,29,228
"13A",0.00978135541953655,0.434535104364326,0.226313205694649,"2:3","1",TRUE,347,29,229
"13A",0.0169208759771483,0.388994307400379,0.236166007905138,"2:3","1",TRUE,340,29,230
"13A",0.0114394683373826,0.400379506641366,0.225945945945946,"2:3","1",TRUE,316,29,231
"13A",0.023197252173214,0.379506641366224,0.24469160768453,"2:3","1",TRUE,332,29,232
"13A",0.0164218296288993,0.44022770398482,0.243825538623226,"2:3","1",TRUE,330,29,233
"13A",0.0141388810733257,0.417457305502846,0.235594084650688,"2:3","1",TRUE,338,29,234
"13A",0.0142368969503412,0.425047438330171,0.237033195020747,"2:3","1",TRUE,323,29,235
"13A",0.0147372632616734,0.409867172675522,0.235739525492176,"2:3","1",TRUE,335,29,236
"13A",0.00736862980950253,0.421252371916509,0.216229838709677,"2:3","1",TRUE,335,29,237
"13A",0.0146695449313531,0.400379506641366,0.233791748526523,"2:3","1",TRUE,342,29,238
"13A",0.0150458851287108,0.466793168880455,0.243270189431705,"2:3","1",TRUE,331,29,239
"13A",0.0111533348374304,0.428842504743833,0.229669788072942,"2:3","1",TRUE,342,29,240
"13A",0.0134714065035536,0.425047438330171,0.235234729934377,"2:3","1",TRUE,326,29,241
"13A",0.00925543083383462,0.42314990512334,0.223214285714286,"2:3","1",TRUE,345,29,242
"13A",0.0266957818210295,0.370018975332068,0.247191011235955,"2:3","1",TRUE,325,29,243
"13A",0.0139448690849119,0.402277039848197,0.232533889468196,"2:3","1",TRUE,331,29,244
"13A",0.0114131556620634,0.394686907020873,0.224730631092868,"2:3","1",TRUE,334,29,245
"13A",0.0137535193051589,0.419354838709677,0.235023041474654,"2:3","1",TRUE,335,29,246
"13A",0.0171958458131824,0.430740037950664,0.244186046511628,"2:3","1",TRUE,337,29,247
"13A",0.0256708910839082,0.42314990512334,0.257375381485249,"2:3","1",TRUE,327,29,248
"13A",0.00661274899535856,0.404174573055028,0.210579345088161,"2:3","1",TRUE,334,29,249
"13A",0.00516858112348435,0.417457305502846,0.206,"2:3","1",TRUE,336,29,250
"13A",0.0105051471520458,0.436432637571158,0.228805394990366,"2:3","1",TRUE,341,29,251
"13A",0.0192056204916626,0.42314990512334,0.246900826446281,"2:3","1",TRUE,322,29,252
"13A",0.0127177546117358,0.445920303605313,0.235922330097087,"2:3","1",TRUE,349,29,253
"13A",0.0171562925145171,0.411764705882353,0.24113475177305,"2:3","1",TRUE,328,29,254
"13A",0.00910743204817128,0.407969639468691,0.220363994097393,"2:3","1",TRUE,342,29,255
"13A",0.0102188244890026,0.425047438330171,0.226453937210499,"2:3","1",TRUE,326,29,256
"13A",0.0121173692103797,0.417457305502846,0.230688935281837,"2:3","1",TRUE,328,29,257
"13A",0.0171958458131824,0.421252371916509,0.24276282376841,"2:3","1",TRUE,332,29,258
"13A",0.0172752261874452,0.425047438330171,0.243540669856459,"2:3","1",TRUE,351,29,259
"13A",0.0115986232197281,0.451612903225806,0.233466933867735,"2:3","1",TRUE,332,29,260
"13A",0.0163463706468937,0.445920303605313,0.244282744282744,"2:3","1",TRUE,325,29,261
"13A",0.0148394273421201,0.434535104364326,0.239686684073107,"2:3","1",TRUE,324,29,262
"13A",0.00896179983419445,0.40607210626186,0.219587628865979,"2:3","1",TRUE,329,29,263
"13A",0.0119236066551008,0.413662239089184,0.229556650246305,"2:3","1",TRUE,337,29,264
"13A",0.00887962938019199,0.417457305502846,0.221144024514811,"2:3","1",TRUE,327,29,265
"13A",0.0145350403464125,0.409867172675522,0.235294117647059,"2:3","1",TRUE,328,29,266
"13A",0.0141714778237842,0.434535104364326,0.238191975622143,"2:3","1",TRUE,337,29,267
"13A",0.00894118620755041,0.415559772296015,0.221057884231537,"2:3","1",TRUE,345,29,268
"13A",0.0105779726610761,0.445920303605313,0.230004967709886,"2:3","1",TRUE,339,29,269
"13A",0.0158642681488036,0.413662239089184,0.238813474107592,"2:3","1",TRUE,333,29,270
"13A",0.0108493455180763,0.413662239089184,0.226566684520621,"2:3","1",TRUE,327,29,271
"13A",0.0149079298926233,0.383301707779886,0.230730979612133,"2:3","1",TRUE,336,29,272
"13A",0.0144017690296786,0.400379506641366,0.233195449844881,"2:3","1",TRUE,338,29,273
"13A",0.0145016073418263,0.432637571157495,0.238647830474268,"2:3","1",TRUE,335,29,274
"13A",0.0136274137296779,0.436432637571158,0.237113402061856,"2:3","1",TRUE,335,29,275
"13A",0.0157913711847123,0.426944971537002,0.240767386091127,"2:3","1",TRUE,349,29,276
"13A",0.0146358025439033,0.430740037950664,0.238693467336683,"2:3","1",TRUE,333,29,277
"13A",0.0134714065035536,0.428842504743833,0.235703630034809,"2:3","1",TRUE,332,29,278
"13A",0.00755766850223231,0.451612903225806,0.220408163265306,"2:3","1",TRUE,331,29,279
"13A",0.00994030568307693,0.425047438330171,0.225579053373615,"2:3","1",TRUE,332,29,280
"13A",0.00664327511753132,0.444022770398482,0.216004184100418,"2:3","1",TRUE,328,29,281
"13A",0.00802399111365922,0.432637571157495,0.22020725388601,"2:3","1",TRUE,331,29,282
"13A",0.0103371648020471,0.425047438330171,0.226843100189036,"2:3","1",TRUE,344,29,283
"13A",0.0122295011121405,0.396584440227704,0.227295285359801,"2:3","1",TRUE,340,29,284
"13A",0.0153256372514208,0.438330170777989,0.241273100616016,"2:3","1",TRUE,327,29,285
"13A",0.0147372632616734,0.398481973434535,0.233554309026007,"2:3","1",TRUE,330,29,286
"13A",0.0152552153184381,0.402277039848197,0.235485621269669,"2:3","1",TRUE,314,29,287
"13A",0.0155031176173759,0.421252371916509,0.239273094396769,"2:3","1",TRUE,336,29,288
"13A",0.00828689505878169,0.455407969639469,0.223469387755102,"2:3","1",TRUE,328,29,289
"13A",0.00984916334046565,0.428842504743833,0.225822784810127,"2:3","1",TRUE,332,29,290
"13A",0.01067585927084,0.432637571157495,0.228787878787879,"2:3","1",TRUE,330,29,291
"13A",0.0126301974792873,0.409867172675522,0.230729436109674,"2:3","1",TRUE,325,29,292
"13A",0.0137218839286449,0.444022770398482,0.238191975622143,"2:3","1",TRUE,331,29,293
"13A",0.0129542191878177,0.409867172675522,0.231543624161074,"2:3","1",TRUE,347,29,294
"13A",0.0227738126496213,0.411764705882353,0.251016260162602,"2:3","1",TRUE,332,29,295
"13A",0.0150458851287108,0.417457305502846,0.237643534697953,"2:3","1",TRUE,330,29,296
"13A",0.018898513392954,0.407969639468691,0.243753187149414,"2:3","1",TRUE,331,29,297
"13A",0.00994030568307693,0.42314990512334,0.22531017369727,"2:3","1",TRUE,342,29,298
"13A",0.0120616894008905,0.398481973434535,0.227202472952087,"2:3","1",TRUE,338,29,299
"13A",0.00757509247184754,0.428842504743833,0.218063872255489,"2:3","1",TRUE,340,29,300
"13A",0.0147372632616734,0.396584440227704,0.233181588265048,"2:3","1",TRUE,338,29,301
"13A",0.0128059187221398,0.42314990512334,0.233283056812469,"2:3","1",TRUE,334,29,302
"13A",0.0196983315498468,0.411764705882353,0.245901639344262,"2:3","1",TRUE,326,29,303
"13A",0.0107746517052526,0.436432637571158,0.229540918163673,"2:3","1",TRUE,336,29,304
"13A",0.00828689505878169,0.426944971537002,0.220427305888484,"2:3","1",TRUE,334,29,305
"13A",0.0164218296288993,0.4573055028463,0.245533435426238,"2:3","1",TRUE,335,29,306
"13A",0.00713485807312556,0.425047438330171,0.2158203125,"2:3","1",TRUE,345,29,307
"13A",0.0127764629842014,0.409867172675522,0.231115557778889,"2:3","1",TRUE,324,29,308
"13A",0.0210587380891587,0.392789373814042,0.244433198380567,"2:3","1",TRUE,330,29,309
"13A",0.00958071982077255,0.419354838709677,0.223658051689861,"2:3","1",TRUE,337,29,310
"13A",0.00610068410724397,0.444022770398482,0.213631739572737,"2:3","1",TRUE,329,29,311
"13A",0.00798712054474326,0.409867172675522,0.216867469879518,"2:3","1",TRUE,325,29,312
"13A",0.0187252335324124,0.40607210626186,0.243114406779661,"2:3","1",TRUE,320,29,313
"13A",0.0140092421282056,0.430740037950664,0.23727959697733,"2:3","1",TRUE,328,29,314
"13A",0.0105536415687598,0.421252371916509,0.226886556721639,"2:3","1",TRUE,341,29,315
"13A",0.0135960684169121,0.421252371916509,0.234945705824284,"2:3","1",TRUE,338,29,316
"13A",0.0115986232197281,0.426944971537002,0.230654018971543,"2:3","1",TRUE,329,29,317
"13A",0.00702076826470274,0.44022770398482,0.217206585236325,"2:3","1",TRUE,324,29,318
"13A",0.0206743347142524,0.392789373814042,0.243841126194067,"2:3","1",TRUE,338,29,319
"13A",0.00947103932283202,0.40607210626186,0.221188630490956,"2:3","1",TRUE,326,29,320
"13A",0.00906558302363684,0.385199240986717,0.215937038858829,"2:3","1",TRUE,341,29,321
"13A",0.0220005857330542,0.419354838709677,0.251101321585903,"2:3","1",TRUE,337,29,322
"13A",0.0336862560396948,0.388994307400379,0.260760760760761,"2:3","1",TRUE,331,29,323
"13A",0.0207219987497641,0.354838709677419,0.234086242299795,"2:3","1",TRUE,331,29,324
"13A",0.0188116739472724,0.392789373814042,0.240582621798091,"2:3","1",TRUE,337,29,325
"13A",0.0114131556620634,0.409867172675522,0.22756569162122,"2:3","1",TRUE,342,29,326
"13A",0.0137218839286449,0.430740037950664,0.236622484045164,"2:3","1",TRUE,347,29,327
"13A",0.0216986963995063,0.432637571157495,0.252637130801688,"2:3","1",TRUE,322,29,328
"13A",0.0116253634847317,0.370018975332068,0.219847328244275,"2:3","1",TRUE,336,29,329
"13A",0.00929815624388622,0.42314990512334,0.223305954825462,"2:3","1",TRUE,323,29,330
"13A",0.0114131556620634,0.466793168880455,0.234126984126984,"2:3","1",TRUE,332,29,331
"13A",0.0125143916054433,0.438330170777989,0.234537357743691,"2:3","1",TRUE,337,29,332
"13A",0.00944925436086635,0.421252371916509,0.223558897243108,"2:3","1",TRUE,338,29,333
"13A",0.0224613131913542,0.370018975332068,0.241108786610879,"2:3","1",TRUE,324,29,334
"13A",0.0113607117427686,0.432637571157495,0.230731225296443,"2:3","1",TRUE,337,29,335
"13A",0.0118961803813181,0.447817836812144,0.233924050632911,"2:3","1",TRUE,331,29,336
"13A",0.0178823768351595,0.438330170777989,0.246561385634233,"2:3","1",TRUE,329,29,337
"13A",0.00754028461063834,0.466793168880455,0.221473029045643,"2:3","1",TRUE,326,29,338
"13A",0.0091494742583894,0.413662239089184,0.221449851042701,"2:3","1",TRUE,341,29,339
"13A",0.00537493278070595,0.444022770398482,0.210141139571354,"2:3","1",TRUE,331,29,340
"13A",0.0140739123337516,0.466793168880455,0.241,"2:3","1",TRUE,334,29,341
"13A",0.0143355923091415,0.411764705882353,0.235169491525424,"2:3","1",TRUE,322,29,342
"13A",0.00750563669298184,0.432637571157495,0.218227848101266,"2:3","1",TRUE,342,29,343
"13A",0.0101953194970753,0.396584440227704,0.221649484536082,"2:3","1",TRUE,326,29,344
"13A",0.013440420033294,0.447817836812144,0.237878787878788,"2:3","1",TRUE,338,29,345
"13A",0.0178412444012279,0.42314990512334,0.244386422976501,"2:3","1",TRUE,319,29,346
"13A",0.013044022556851,0.392789373814042,0.22852912142152,"2:3","1",TRUE,341,29,347
"13A",0.0141388810733257,0.447817836812144,0.239578101456555,"2:3","1",TRUE,333,29,348
"13A",0.00934107888523878,0.447817836812144,0.226359627633513,"2:3","1",TRUE,343,29,349
"13A",0.018341140706763,0.409867172675522,0.243110236220472,"2:3","1",TRUE,338,29,350
"13A",0.0142697196733549,0.438330170777989,0.23883592574009,"2:3","1",TRUE,335,29,351
"13A",0.0128650340824416,0.470588235294118,0.238236750866766,"2:3","1",TRUE,332,29,352
"13A",0.00740264526872661,0.44022770398482,0.218688845401174,"2:3","1",TRUE,340,29,353
"13A",0.0105536415687598,0.411764705882353,0.225430597771023,"2:3","1",TRUE,334,29,354
"13A",0.00938419966836185,0.430740037950664,0.22463768115942,"2:3","1",TRUE,315,29,355
"13A",0.0201108461227692,0.404174573055028,0.24523693209575,"2:3","1",TRUE,351,29,356
"13A",0.011127680316639,0.445920303605313,0.231600617601647,"2:3","1",TRUE,335,29,357
"13A",0.0146695449313531,0.421252371916509,0.2374749498998,"2:3","1",TRUE,337,29,358
"13A",0.00780529351041337,0.447817836812144,0.220983274201723,"2:3","1",TRUE,336,29,359
"13A",0.0145016073418263,0.442125237191651,0.239845261121857,"2:3","1",TRUE,346,29,360
"13A",0.018047857055141,0.404174573055028,0.241464621474518,"2:3","1",TRUE,336,29,361
"13A",0.0110510702695769,0.432637571157495,0.229879275653924,"2:3","1",TRUE,342,29,362
"13A",0.0111020848055022,0.413662239089184,0.22729715206878,"2:3","1",TRUE,321,29,363
"13A",0.00771593817022922,0.415559772296015,0.216768916155419,"2:3","1",TRUE,330,29,364
"13A",0.00708573716048161,0.455407969639469,0.218843469591226,"2:3","1",TRUE,337,29,365
"13A",0.0142041497250367,0.42314990512334,0.236645032451323,"2:3","1",TRUE,331,29,366
"13A",0.00865752470208117,0.398481973434535,0.217189912506433,"2:3","1",TRUE,326,29,367
"13A",0.00579931017642499,0.444022770398482,0.212216956292786,"2:3","1",TRUE,328,29,368
"13A",0.0133171852549512,0.438330170777989,0.236559139784946,"2:3","1",TRUE,319,29,369
"13A",0.0184682881792196,0.411764705882353,0.24364955935718,"2:3","1",TRUE,333,29,370
"13A",0.0120062654424141,0.421252371916509,0.230923694779116,"2:3","1",TRUE,332,29,371
"13A",0.018047857055141,0.40607210626186,0.241836734693878,"2:3","1",TRUE,334,29,372
"13A",0.0101251284164315,0.426944971537002,0.226461843409316,"2:3","1",TRUE,340,29,373
"13A",0.0294745338086855,0.402277039848197,0.258681429290388,"2:3","1",TRUE,337,29,374
"13A",0.0144017690296786,0.400379506641366,0.233246753246753,"2:3","1",TRUE,322,29,375
"13A",0.0173949843519436,0.430740037950664,0.244575936883629,"2:3","1",TRUE,337,29,376
"13A",0.0121453054281267,0.421252371916509,0.231288981288981,"2:3","1",TRUE,334,29,377
"13A",0.00906558302363684,0.417457305502846,0.221741221741222,"2:3","1",TRUE,343,29,378
"13A",0.0190733967533941,0.404174573055028,0.243391521197007,"2:3","1",TRUE,336,29,379
"13A",0.0101718685705295,0.409867172675522,0.22397476340694,"2:3","1",TRUE,325,29,380
"13A",0.0107004721322663,0.411764705882353,0.225887056471764,"2:3","1",TRUE,340,29,381
"13A",0.0164976369486545,0.379506641366224,0.233144621718991,"2:3","1",TRUE,330,29,382
"13A",0.0138488637139387,0.413662239089184,0.234309623430962,"2:3","1",TRUE,326,29,383
"13A",0.0161220677578528,0.411764705882353,0.23902942694889,"2:3","1",TRUE,320,29,384
"13A",0.00910743204817128,0.434535104364326,0.224187380497132,"2:3","1",TRUE,355,29,385
"13A",0.0136903213187461,0.436432637571158,0.237220843672457,"2:3","1",TRUE,341,29,386
"13A",0.0129244223342009,0.383301707779886,0.226172839506173,"2:3","1",TRUE,336,29,387
"13A",0.018341140706763,0.434535104364326,0.246957403651116,"2:3","1",TRUE,338,29,388
"13A",0.0168043818770255,0.388994307400379,0.235926305015353,"2:3","1",TRUE,334,29,389
"13A",0.015610590879359,0.398481973434535,0.235445646573931,"2:3","1",TRUE,326,29,390
"13A",0.0138488637139387,0.445920303605313,0.23870636550308,"2:3","1",TRUE,329,29,391
"13A",0.0123996475519262,0.383301707779886,0.224899598393574,"2:3","1",TRUE,340,29,392
"13A",0.00764519098169198,0.438330170777989,0.219447396386823,"2:3","1",TRUE,320,29,393
"13A",0.0213517238192711,0.417457305502846,0.249742533470649,"2:3","1",TRUE,332,29,394
"13A",0.0109749876549306,0.417457305502846,0.227582590456214,"2:3","1",TRUE,325,29,395
"13A",0.0104809835704841,0.462998102466793,0.23119918699187,"2:3","1",TRUE,334,29,396
"13A",0.0151153407405839,0.368121442125237,0.227474150664697,"2:3","1",TRUE,342,29,397
"13A",0.00994030568307693,0.409867172675522,0.223285486443381,"2:3","1",TRUE,320,29,398
"13A",0.0119510961593045,0.402277039848197,0.227646454265159,"2:3","1",TRUE,334,29,399
"13A",0.0122295011121405,0.411764705882353,0.23,"2:3","1",TRUE,337,29,400
"13A",0.0097588566790579,0.428842504743833,0.225560081466395,"2:3","1",TRUE,325,29,401
"13A",0.0174350879472146,0.398481973434535,0.239163691993881,"2:3","1",TRUE,338,29,402
"13A",0.018341140706763,0.417457305502846,0.244408945686901,"2:3","1",TRUE,322,29,403
"13A",0.0139770185467667,0.430740037950664,0.237204724409449,"2:3","1",TRUE,345,29,404
"13A",0.0163087712820636,0.402277039848197,0.237700673226308,"2:3","1",TRUE,333,29,405
"13A",0.0140739123337516,0.413662239089184,0.234840698869476,"2:3","1",TRUE,325,29,406
"13A",0.0137852276160493,0.387096774193548,0.229035639412998,"2:3","1",TRUE,320,29,407
"13A",0.0078594026499428,0.430740037950664,0.219345383488031,"2:3","1",TRUE,338,29,408
"13A",0.00861774302029112,0.432637571157495,0.222280062467465,"2:3","1",TRUE,318,29,409
"13A",0.0109749876549306,0.419354838709677,0.227816550348953,"2:3","1",TRUE,333,29,410
"13A",0.0102188244890026,0.425047438330171,0.226489414081733,"2:3","1",TRUE,339,29,411
"13A",0.0142041497250367,0.432637571157495,0.237953303527074,"2:3","1",TRUE,339,29,412
"13A",0.0140092421282056,0.436432637571158,0.237973387922211,"2:3","1",TRUE,326,29,413
"13A",0.0147712395636516,0.419354838709677,0.237363726461843,"2:3","1",TRUE,338,29,414
"13A",0.0118961803813181,0.426944971537002,0.231462925851703,"2:3","1",TRUE,329,29,415
"13A",0.0149422996612097,0.430740037950664,0.239451476793249,"2:3","1",TRUE,327,29,416
"13A",0.0104088257962002,0.415559772296015,0.225618631732169,"2:3","1",TRUE,348,29,417
"13A",0.0111790485039214,0.445920303605313,0.231768231768232,"2:3","1",TRUE,333,29,418
"13A",0.0119510961593045,0.387096774193548,0.224572004028197,"2:3","1",TRUE,333,29,419
"13A",0.0136274137296779,0.428842504743833,0.236148466917698,"2:3","1",TRUE,312,29,420
"13A",0.0101718685705295,0.451612903225806,0.229376257545272,"2:3","1",TRUE,335,29,421
"13A",0.00607265121306145,0.426944971537002,0.211567732115677,"2:3","1",TRUE,332,29,422
"13A",0.0180063439892455,0.366223908918406,0.2326656394453,"2:3","1",TRUE,336,29,423
"13A",0.0128650340824416,0.398481973434535,0.229239184485331,"2:3","1",TRUE,341,29,424
"13A",0.00682941396598955,0.447817836812144,0.217159476490548,"2:3","1",TRUE,340,29,425
"13A",0.018898513392954,0.432637571157495,0.247697527872031,"2:3","1",TRUE,340,29,426
"13A",0.0118415169435883,0.442125237191651,0.233183856502242,"2:3","1",TRUE,333,29,427
"13A",0.0129840847371536,0.445920303605313,0.236559139784946,"2:3","1",TRUE,339,29,428
"13A",0.00716779438287787,0.404174573055028,0.212799167533819,"2:3","1",TRUE,324,29,429
"13A",0.0148052941969371,0.400379506641366,0.234086242299795,"2:3","1",TRUE,325,29,430
"13A",0.0236830397410083,0.402277039848197,0.25065002600104,"2:3","1",TRUE,328,29,431
"13A",0.010529366441993,0.413662239089184,0.225670699631773,"2:3","1",TRUE,323,29,432
"13A",0.00949287450934979,0.40607210626186,0.221257026060296,"2:3","1",TRUE,327,29,433
"13A",0.0137852276160493,0.425047438330171,0.235932872655479,"2:3","1",TRUE,342,29,434
"13A",0.0142041497250367,0.402277039848197,0.23311655827914,"2:3","1",TRUE,339,29,435
"13A",0.0133478876112631,0.411764705882353,0.232849273910866,"2:3","1",TRUE,330,29,436
"13A",0.0100554205759454,0.42314990512334,0.225725725725726,"2:3","1",TRUE,339,29,437
"13A",0.0131344484755704,0.415559772296015,0.232911392405063,"2:3","1",TRUE,337,29,438
"13A",0.0129542191878177,0.434535104364326,0.235173824130879,"2:3","1",TRUE,333,29,439
"13A",0.0111020848055022,0.421252371916509,0.228473581213307,"2:3","1",TRUE,337,29,440
"13A",0.0171168301950016,0.434535104364326,0.244510978043912,"2:3","1",TRUE,331,29,441
"13A",0.00612884640835744,0.44022770398482,0.213372664700098,"2:3","1",TRUE,346,29,442
"13A",0.0141714778237842,0.421252371916509,0.236269430051813,"2:3","1",TRUE,330,29,443
"13A",0.0139770185467667,0.434535104364326,0.237668161434978,"2:3","1",TRUE,335,29,444
"13A",0.00558952287037558,0.421252371916509,0.208588957055215,"2:3","1",TRUE,331,29,445
"13A",0.012314280471324,0.400379506641366,0.228180862250263,"2:3","1",TRUE,329,29,446
"13A",0.0189420833276546,0.375711574952562,0.236758474576271,"2:3","1",TRUE,325,29,447
"13A",0.00762760577387272,0.387096774193548,0.211422845691383,"2:3","1",TRUE,339,29,448
"13A",0.00715130726644998,0.442125237191651,0.217888715548622,"2:3","1",TRUE,326,29,449
"13A",0.00762760577387272,0.425047438330171,0.217729393468118,"2:3","1",TRUE,324,29,450
"13A",0.0147033651108275,0.417457305502846,0.236945812807882,"2:3","1",TRUE,340,29,451
"13A",0.0251443286206796,0.373814041745731,0.246073298429319,"2:3","1",TRUE,326,29,452
"13A",0.0126301974792873,0.421252371916509,0.232522009321595,"2:3","1",TRUE,323,29,453
"13A",0.0158277776997141,0.426944971537002,0.240814299900695,"2:3","1",TRUE,334,29,454
"13A",0.0141388810733257,0.387096774193548,0.229850746268657,"2:3","1",TRUE,341,29,455
"13A",0.0168043818770255,0.445920303605313,0.245244215938303,"2:3","1",TRUE,333,29,456
"13A",0.0163463706468937,0.394686907020873,0.236220472440945,"2:3","1",TRUE,345,29,457
"13A",0.0131344484755704,0.432637571157495,0.235410484668645,"2:3","1",TRUE,345,29,458
"13A",0.0152903857427699,0.411764705882353,0.237246161466072,"2:3","1",TRUE,336,29,459
"13A",0.00681370518066773,0.436432637571158,0.215897435897436,"2:3","1",TRUE,331,29,460
"13A",0.0138807918383975,0.404174573055028,0.232772653282691,"2:3","1",TRUE,322,29,461
"13A",0.00776942786597177,0.436432637571158,0.219715546836685,"2:3","1",TRUE,345,29,462
"13A",0.0209619723222229,0.383301707779886,0.242079207920792,"2:3","1",TRUE,338,29,463
"13A",0.0146358025439033,0.426944971537002,0.238238238238238,"2:3","1",TRUE,330,29,464
"13A",0.0120062654424141,0.444022770398482,0.233858668022369,"2:3","1",TRUE,340,29,465
"13A",0.0173549730015962,0.419354838709677,0.242771684945165,"2:3","1",TRUE,339,29,466
"13A",0.0178823768351595,0.425047438330171,0.244714587737844,"2:3","1",TRUE,322,29,467
"13A",0.00834434283578111,0.413662239089184,0.21871921182266,"2:3","1",TRUE,343,29,468
"13A",0.011127680316639,0.385199240986717,0.221985058697972,"2:3","1",TRUE,328,29,469
"13A",0.0118961803813181,0.421252371916509,0.230651731160896,"2:3","1",TRUE,336,29,470
"13A",0.0137535193051589,0.425047438330171,0.235868448098664,"2:3","1",TRUE,331,29,471
"13A",0.00951476003621078,0.426944971537002,0.224543080939948,"2:3","1",TRUE,326,29,472
"13A",0.0104328230202581,0.419354838709677,0.226299694189602,"2:3","1",TRUE,335,29,473
"13A",0.0160479861939635,0.394686907020873,0.235643564356436,"2:3","1",TRUE,336,29,474
"13A",0.018341140706763,0.415559772296015,0.244056283357593,"2:3","1",TRUE,345,29,475
"13A",0.0161592366835161,0.379506641366224,0.232449297971919,"2:3","1",TRUE,324,29,476
"13A",0.0218994921374891,0.387096774193548,0.244488977955912,"2:3","1",TRUE,334,29,477
"13A",0.0168043818770255,0.409867172675522,0.240061951471347,"2:3","1",TRUE,334,29,478
"13A",0.0110256509742602,0.40607210626186,0.225790265930758,"2:3","1",TRUE,331,29,479
"13A",0.0216487857973374,0.396584440227704,0.246202200104767,"2:3","1",TRUE,329,29,480
"13A",0.0102659971678737,0.430740037950664,0.227340267459138,"2:3","1",TRUE,342,29,481
"13A",0.0106268032587623,0.432637571157495,0.228672387682988,"2:3","1",TRUE,334,29,482
"13A",0.0126593160066544,0.396584440227704,0.228338430173293,"2:3","1",TRUE,336,29,483
"13A",0.0218994921374891,0.400379506641366,0.247417609444171,"2:3","1",TRUE,344,29,484
"13A",0.0096249468470754,0.390891840607211,0.218879668049793,"2:3","1",TRUE,332,29,485
"13A",0.0136588313080872,0.394686907020873,0.230339928970066,"2:3","1",TRUE,340,29,486
"13A",0.026819016303079,0.396584440227704,0.253968253968254,"2:3","1",TRUE,320,29,487
"13A",0.0154318801548181,0.444022770398482,0.242171189979123,"2:3","1",TRUE,327,29,488
"13A",0.0151153407405839,0.426944971537002,0.239239239239239,"2:3","1",TRUE,326,29,489
"13A",0.0150112770963612,0.430740037950664,0.239557121288374,"2:3","1",TRUE,343,29,490
"13A",0.0109497433622519,0.42314990512334,0.228299046663322,"2:3","1",TRUE,330,29,491
"13A",0.0179236040986379,0.400379506641366,0.240460010454783,"2:3","1",TRUE,322,29,492
"13A",0.0163087712820636,0.385199240986717,0.234096692111959,"2:3","1",TRUE,334,29,493
"13A",0.00991744133061763,0.409867172675522,0.223205506391347,"2:3","1",TRUE,345,29,494
"13A",0.00900316976927265,0.44022770398482,0.224479431183342,"2:3","1",TRUE,341,29,495
"13A",0.0142368969503412,0.413662239089184,0.235206364992541,"2:3","1",TRUE,340,29,496
"13A",0.0167657290103686,0.387096774193548,0.235421166306695,"2:3","1",TRUE,316,29,497
"13A",0.0144682512386982,0.417457305502846,0.236363636363636,"2:3","1",TRUE,340,29,498
"13A",0.0172354903007474,0.413662239089184,0.241637543684473,"2:3","1",TRUE,342,29,499
"13A",0.0131042370646864,0.417457305502846,0.233134920634921,"2:3","1",TRUE,335,29,500
"13A",0.0123426706618573,0.445920303605313,0.234955520669806,"2:3","1",TRUE,323,29,501
"13A",0.0122295011121405,0.40607210626186,0.229055690072639,"2:3","1",TRUE,349,29,502
"13A",0.0103609968139124,0.428842504743833,0.227385071675729,"2:3","1",TRUE,344,29,503
"13A",0.0123711263050916,0.409867172675522,0.230044620723847,"2:3","1",TRUE,337,29,504
"13A",0.0108994288415189,0.392789373814042,0.222942643391521,"2:3","1",TRUE,339,29,505
"13A",0.0129244223342009,0.461100569259962,0.237748665696264,"2:3","1",TRUE,343,29,506
"13A",0.0234119152701823,0.413662239089184,0.252378567851778,"2:3","1",TRUE,333,29,507
"13A",0.022306675188491,0.411764705882353,0.2502691065662,"2:3","1",TRUE,315,29,508
"13A",0.0146695449313531,0.404174573055028,0.234508547008547,"2:3","1",TRUE,322,29,509
"13A",0.0164596896462309,0.388994307400379,0.235234729934377,"2:3","1",TRUE,331,29,510
"13A",0.0152201257919181,0.419354838709677,0.238380809595202,"2:3","1",TRUE,335,29,511
"13A",0.0155746839300817,0.444022770398482,0.242408376963351,"2:3","1",TRUE,326,29,512
"13A",0.0196530221187513,0.404174573055028,0.244389027431421,"2:3","1",TRUE,338,29,513
"13A",0.00601697126970097,0.421252371916509,0.210576464983325,"2:3","1",TRUE,353,29,514
"13A",0.0157550484107358,0.370018975332068,0.229321446260525,"2:3","1",TRUE,341,29,515
"13A",0.0200645878397077,0.44022770398482,0.250869349230005,"2:3","1",TRUE,332,29,516
"13A",0.0137535193051589,0.411764705882353,0.233779098563645,"2:3","1",TRUE,341,29,517
"13A",0.00964713686260229,0.453510436432638,0.227899846704139,"2:3","1",TRUE,332,29,518
"13A",0.0130740951450604,0.387096774193548,0.227363184079602,"2:3","1",TRUE,338,29,519
"13A",0.019972390234023,0.407969639468691,0.245674740484429,"2:3","1",TRUE,338,29,520
"13A",0.0119236066551008,0.40607210626186,0.228266395526182,"2:3","1",TRUE,338,29,521
"13A",0.0171562925145171,0.396584440227704,0.238260009886307,"2:3","1",TRUE,344,29,522
"13A",0.0161220677578528,0.388994307400379,0.234567901234568,"2:3","1",TRUE,338,29,523
"13A",0.0137218839286449,0.428842504743833,0.236372898624554,"2:3","1",TRUE,325,29,524
"13A",0.0144017690296786,0.461100569259962,0.241396761133603,"2:3","1",TRUE,336,29,525
"13A",0.00929815624388622,0.44022770398482,0.22546552591847,"2:3","1",TRUE,335,29,526
"13A",0.00687675795282322,0.398481973434535,0.210685483870968,"2:3","1",TRUE,328,29,527
"13A",0.0152201257919181,0.442125237191651,0.241449719244513,"2:3","1",TRUE,330,29,528
"13A",0.0107004721322663,0.388994307400379,0.221649484536082,"2:3","1",TRUE,331,29,529
"13A",0.00754028461063834,0.434535104364326,0.21864154685176,"2:3","1",TRUE,330,29,530
"13A",0.0112306538197507,0.394686907020873,0.224226804123711,"2:3","1",TRUE,329,29,531
"13A",0.00641771959838896,0.415559772296015,0.211538461538462,"2:3","1",TRUE,335,29,532
"13A",0.0183834256360753,0.402277039848197,0.241718426501035,"2:3","1",TRUE,329,29,533
"13A",0.0115187709014161,0.453510436432638,0.233416458852868,"2:3","1",TRUE,335,29,534
"13A",0.0171562925145171,0.40607210626186,0.240080361627323,"2:3","1",TRUE,335,29,535
"13A",0.0256118437748616,0.387096774193548,0.250133049494412,"2:3","1",TRUE,319,29,536
"13A",0.0128946940182916,0.426944971537002,0.234075608493009,"2:3","1",TRUE,329,29,537
"13A",0.0080982436488148,0.445920303605313,0.221899224806202,"2:3","1",TRUE,345,29,538
"13A",0.00973640968941558,0.396584440227704,0.220303506017792,"2:3","1",TRUE,323,29,539
"13A",0.0157913711847123,0.398481973434535,0.23586347427407,"2:3","1",TRUE,326,29,540
"13A",0.0105536415687598,0.411764705882353,0.225454545454545,"2:3","1",TRUE,327,29,541
"13A",0.0173150536839935,0.392789373814042,0.237762237762238,"2:3","1",TRUE,342,29,542
"13A",0.0109245571356352,0.445920303605313,0.231077694235589,"2:3","1",TRUE,330,29,543
"13A",0.017555954331699,0.415559772296015,0.242546740778171,"2:3","1",TRUE,337,29,544
"13A",0.0157550484107358,0.434535104364326,0.241679467485919,"2:3","1",TRUE,326,29,545
"13A",0.0121173692103797,0.44022770398482,0.23370110330993,"2:3","1",TRUE,339,29,546
"13A",0.0118688171925159,0.436432637571158,0.232642487046632,"2:3","1",TRUE,324,29,547
"13A",0.00834434283578111,0.445920303605313,0.222784810126582,"2:3","1",TRUE,332,29,548
"13A",0.0116521653985844,0.445920303605313,0.233063700707786,"2:3","1",TRUE,332,29,549
"13A",0.0105779726610761,0.428842504743833,0.228008088978766,"2:3","1",TRUE,338,29,550
"13A",0.0119510961593045,0.421252371916509,0.230769230769231,"2:3","1",TRUE,339,29,551
"13A",0.0148394273421201,0.411764705882353,0.236244321049975,"2:3","1",TRUE,335,29,552
"13A",0.0175155727236885,0.409867172675522,0.241487689889995,"2:3","1",TRUE,323,29,553
"13A",0.0120616894008905,0.42314990512334,0.231389284020863,"2:3","1",TRUE,348,29,554
"13A",0.0143686425712345,0.387096774193548,0.230377166156983,"2:3","1",TRUE,331,29,555
"13A",0.0160849843268859,0.44022770398482,0.243076923076923,"2:3","1",TRUE,331,29,556
"13A",0.0149079298926233,0.400379506641366,0.234358974358974,"2:3","1",TRUE,325,29,557
"13A",0.010101838941018,0.438330170777989,0.22780487804878,"2:3","1",TRUE,342,29,558
"13A",0.0192942784942487,0.385199240986717,0.239750908147379,"2:3","1",TRUE,333,29,559
"13A",0.0185535424693304,0.428842504743833,0.246568378240976,"2:3","1",TRUE,327,29,560
"13A",0.00692443014542982,0.444022770398482,0.217176702862784,"2:3","1",TRUE,331,29,561
"13A",0.0227738126496213,0.373814041745731,0.242581988547631,"2:3","1",TRUE,330,29,562
"13A",0.0102423836709577,0.444022770398482,0.228858350951374,"2:3","1",TRUE,325,29,563
"13A",0.0131950804123214,0.419354838709677,0.233690360272639,"2:3","1",TRUE,335,29,564
"13A",0.0130740951450604,0.398481973434535,0.229716520039101,"2:3","1",TRUE,339,29,565
"13A",0.0163840566958898,0.472485768500949,0.246506986027944,"2:3","1",TRUE,340,29,566
"13A",0.0187684039757853,0.409867172675522,0.24385447394297,"2:3","1",TRUE,338,29,567
"13A",0.0140415400001092,0.425047438330171,0.236553784860558,"2:3","1",TRUE,346,29,568
"13A",0.00938419966836185,0.411764705882353,0.221882951653944,"2:3","1",TRUE,333,29,569
"13A",0.0118688171925159,0.377609108159393,0.222277972905168,"2:3","1",TRUE,334,29,570
"13A",0.00804249017554795,0.413662239089184,0.217624932831811,"2:3","1",TRUE,323,29,571
"13A",0.0135024644121564,0.426944971537002,0.235539343408025,"2:3","1",TRUE,331,29,572
"13A",0.0103133876077637,0.459203036053131,0.230394544568924,"2:3","1",TRUE,338,29,573
"13A",0.015610590879359,0.381404174573055,0.231781376518219,"2:3","1",TRUE,340,29,574
"13A",0.0149422996612097,0.419354838709677,0.237730061349693,"2:3","1",TRUE,323,29,575
"13A",0.0135024644121564,0.407969639468691,0.232521186440678,"2:3","1",TRUE,319,29,576
"13A",0.0135647952035667,0.379506641366224,0.226881720430108,"2:3","1",TRUE,324,29,577
"13A",0.0119510961593045,0.396584440227704,0.226578411405295,"2:3","1",TRUE,336,29,578
"13A",0.0126011459293648,0.396584440227704,0.228226652675761,"2:3","1",TRUE,327,29,579
"13A",0.0105536415687598,0.42314990512334,0.227159261108338,"2:3","1",TRUE,339,29,580
"13A",0.0136903213187461,0.445920303605313,0.238363171355499,"2:3","1",TRUE,328,29,581
"13A",0.016843123856664,0.417457305502846,0.241465863453815,"2:3","1",TRUE,337,29,582
"13A",0.00695639506663647,0.432637571157495,0.216093117408907,"2:3","1",TRUE,334,29,583
"13A",0.0167271650517187,0.453510436432638,0.245831348261077,"2:3","1",TRUE,342,29,584
"13A",0.0162712584020115,0.455407969639469,0.245069033530572,"2:3","1",TRUE,335,29,585
"13A",0.0102423836709577,0.387096774193548,0.219939879759519,"2:3","1",TRUE,339,29,586
"13A",0.0189420833276546,0.413662239089184,0.244836272040302,"2:3","1",TRUE,326,29,587
"13A",0.0197437454404261,0.413662239089184,0.246302906680265,"2:3","1",TRUE,327,29,588
"13A",0.0168819551547313,0.413662239089184,0.240951908775409,"2:3","1",TRUE,336,29,589
"13A",0.0105051471520458,0.409867172675522,0.224949899799599,"2:3","1",TRUE,335,29,590
"13A",0.0178412444012279,0.434535104364326,0.245959595959596,"2:3","1",TRUE,327,29,591
"13A",0.0159742450379047,0.375711574952562,0.231160896130346,"2:3","1",TRUE,330,29,592
"13A",0.00551282412450297,0.44022770398482,0.210474791972589,"2:3","1",TRUE,345,29,593
"13A",0.0165737942141745,0.438330170777989,0.243890752275994,"2:3","1",TRUE,345,29,594
"13A",0.0177184138979846,0.426944971537002,0.24469160768453,"2:3","1",TRUE,336,29,595
"13A",0.0264510090574364,0.415559772296015,0.25721271393643,"2:3","1",TRUE,342,29,596
"13A",0.0167657290103686,0.428842504743833,0.243080020130851,"2:3","1",TRUE,335,29,597
"13A",0.0105779726610761,0.417457305502846,0.226386806596702,"2:3","1",TRUE,339,29,598
"13A",0.010148471585006,0.402277039848197,0.222616632860041,"2:3","1",TRUE,331,29,599
"13A",0.0122295011121405,0.413662239089184,0.230306071249373,"2:3","1",TRUE,336,29,600
"13A",0.00890010108948556,0.430740037950664,0.223053892215569,"2:3","1",TRUE,340,29,601
"13A",0.011127680316639,0.438330170777989,0.230769230769231,"2:3","1",TRUE,339,29,602
"13A",0.0173949843519436,0.421252371916509,0.243215565796211,"2:3","1",TRUE,335,29,603
"13A",0.0119510961593045,0.428842504743833,0.231891610213653,"2:3","1",TRUE,321,29,604
"13A",0.0135960684169121,0.42314990512334,0.235233692860811,"2:3","1",TRUE,330,29,605
"13A",0.0194280334652529,0.428842504743833,0.248178980228928,"2:3","1",TRUE,331,29,606
"13A",0.021400949554291,0.404174573055028,0.247373949579832,"2:3","1",TRUE,331,29,607
"13A",0.011334580220685,0.404174573055028,0.226333493512734,"2:3","1",TRUE,345,29,608
"13A",0.0117871046866012,0.407969639468691,0.228180862250263,"2:3","1",TRUE,327,29,609
"13A",0.0141388810733257,0.42314990512334,0.236489836390679,"2:3","1",TRUE,334,29,610
"13A",0.0131950804123214,0.409867172675522,0.232142857142857,"2:3","1",TRUE,343,29,611
"13A",0.0150458851287108,0.415559772296015,0.237388724035608,"2:3","1",TRUE,342,29,612
"13A",0.0122295011121405,0.394686907020873,0.226856561546287,"2:3","1",TRUE,330,29,613
"13A",0.0108493455180763,0.398481973434535,0.223960880195599,"2:3","1",TRUE,344,29,614
"13A",0.00917056808665487,0.421252371916509,0.222622107969152,"2:3","1",TRUE,334,29,615
"13A",0.00917056808665487,0.407969639468691,0.220588235294118,"2:3","1",TRUE,331,29,616
"13A",0.0193387608530783,0.404174573055028,0.243852459016393,"2:3","1",TRUE,334,29,617
"13A",0.0137852276160493,0.417457305502846,0.23482428115016,"2:3","1",TRUE,321,29,618
"13A",0.0121453054281267,0.442125237191651,0.233990147783251,"2:3","1",TRUE,341,29,619
"13A",0.00947103932283202,0.442125237191651,0.226231106777182,"2:3","1",TRUE,340,29,620
"13A",0.0125721612028276,0.44022770398482,0.234948604992658,"2:3","1",TRUE,336,29,621
"13A",0.0140415400001092,0.400379506641366,0.23242688558235,"2:3","1",TRUE,334,29,622
"13A",0.0148052941969371,0.419354838709677,0.237461617195496,"2:3","1",TRUE,328,29,623
"13A",0.0185535424693304,0.409867172675522,0.243464889800103,"2:3","1",TRUE,329,29,624
"13A",0.0159375016237218,0.383301707779886,0.232929782082324,"2:3","1",TRUE,347,29,625
"13A",0.0188116739472724,0.402277039848197,0.24248398225727,"2:3","1",TRUE,334,29,626
"13A",0.00726751837686419,0.442125237191651,0.218378378378378,"2:3","1",TRUE,315,29,627
"13A",0.032095980321219,0.387096774193548,0.258392675483215,"2:3","1",TRUE,336,29,628
"13A",0.0175155727236885,0.417457305502846,0.242798353909465,"2:3","1",TRUE,327,29,629
"13A",0.0116521653985844,0.438330170777989,0.232267732267732,"2:3","1",TRUE,338,29,630
"13A",0.0116790291034157,0.40607210626186,0.227608008429926,"2:3","1",TRUE,321,29,631
"13A",0.00851908672271945,0.425047438330171,0.220971867007673,"2:3","1",TRUE,335,29,632
"13A",0.012456887461733,0.421252371916509,0.232151772341488,"2:3","1",TRUE,341,29,633
"13A",0.0055255337690198,0.445920303605313,0.211111111111111,"2:3","1",TRUE,332,29,634
"13A",0.011127680316639,0.426944971537002,0.229376257545272,"2:3","1",TRUE,338,29,635
"13A",0.0120616894008905,0.417457305502846,0.230487166055526,"2:3","1",TRUE,319,29,636
"13A",0.0101251284164315,0.400379506641366,0.222163865546218,"2:3","1",TRUE,332,29,637
"13A",0.00894118620755041,0.425047438330171,0.222388805597201,"2:3","1",TRUE,345,29,638
"13A",0.0100554205759454,0.436432637571158,0.22741116751269,"2:3","1",TRUE,341,29,639
"13A",0.0151851169771315,0.417457305502846,0.237978410206084,"2:3","1",TRUE,343,29,640
"13A",0.0123996475519262,0.425047438330171,0.232523549826475,"2:3","1",TRUE,343,29,641
"13A",0.0137852276160493,0.404174573055028,0.232494529540481,"2:3","1",TRUE,310,29,642
"13A",0.0144017690296786,0.428842504743833,0.237927565392354,"2:3","1",TRUE,341,29,643
"13A",0.00966937803651966,0.432637571157495,0.225790265930758,"2:3","1",TRUE,339,29,644
"13A",0.0133478876112631,0.390891840607211,0.228843264897346,"2:3","1",TRUE,334,29,645
"13A",0.00944925436086635,0.432637571157495,0.22507403751234,"2:3","1",TRUE,346,29,646
"13A",0.00698850754600552,0.438330170777989,0.216873449131514,"2:3","1",TRUE,337,29,647
"13A",0.0170381776568335,0.438330170777989,0.244857982370225,"2:3","1",TRUE,346,29,648
"13A",0.0127177546117358,0.390891840607211,0.227344992050874,"2:3","1",TRUE,322,29,649
"13A",0.00958071982077255,0.436432637571158,0.225915221579961,"2:3","1",TRUE,349,29,650
"13A",0.0192498984522253,0.402277039848197,0.243270189431705,"2:3","1",TRUE,339,29,651
"13A",0.00917056808665487,0.425047438330171,0.223175965665236,"2:3","1",TRUE,322,29,652
"13A",0.0137218839286449,0.388994307400379,0.229362333168562,"2:3","1",TRUE,343,29,653
"13A",0.012314280471324,0.428842504743833,0.232843137254902,"2:3","1",TRUE,342,29,654
"13A",0.0137218839286449,0.430740037950664,0.236629667003027,"2:3","1",TRUE,335,29,655
"13A",0.0171168301950016,0.396584440227704,0.238119059529765,"2:3","1",TRUE,335,29,656
"13A",0.013440420033294,0.483870967741935,0.24025974025974,"2:3","1",TRUE,334,29,657
"13A",0.0215493087369342,0.404174573055028,0.247594936708861,"2:3","1",TRUE,335,29,658
"13A",0.0110510702695769,0.402277039848197,0.225196850393701,"2:3","1",TRUE,330,29,659
"13A",0.0116253634847317,0.407969639468691,0.227752639517345,"2:3","1",TRUE,337,29,660
"13A",0.0174350879472146,0.417457305502846,0.242621310655328,"2:3","1",TRUE,338,29,661
"13A",0.0136588313080872,0.402277039848197,0.231869758263444,"2:3","1",TRUE,336,29,662
"13A",0.00989462956996287,0.472485768500949,0.229974160206718,"2:3","1",TRUE,325,29,663
"13A",0.0118961803813181,0.417457305502846,0.230097586029789,"2:3","1",TRUE,332,29,664
"13A",0.00958071982077255,0.447817836812144,0.227130977130977,"2:3","1",TRUE,329,29,665
"13A",0.0122013712303497,0.42314990512334,0.231768231768232,"2:3","1",TRUE,331,29,666
"13A",0.0105779726610761,0.442125237191651,0.229614807403702,"2:3","1",TRUE,330,29,667
"13A",0.0143686425712345,0.419354838709677,0.236455696202532,"2:3","1",TRUE,331,29,668
"13A",0.017077458645369,0.434535104364326,0.244488977955912,"2:3","1",TRUE,335,29,669
"13A",0.00826783382510758,0.4573055028463,0.223494275759084,"2:3","1",TRUE,344,29,670
"13A",0.0109749876549306,0.371916508538899,0.218565815324165,"2:3","1",TRUE,338,29,671
"13A",0.0112306538197507,0.447817836812144,0.232116058029014,"2:3","1",TRUE,340,29,672
"13A",0.011545327069384,0.436432637571158,0.231731731731732,"2:3","1",TRUE,322,29,673
"13A",0.0140092421282056,0.413662239089184,0.234723569350145,"2:3","1",TRUE,343,29,674
"13A",0.0165356717374034,0.480075901328273,0.247236180904523,"2:3","1",TRUE,331,29,675
"13A",0.0175964290382506,0.404174573055028,0.240601503759398,"2:3","1",TRUE,339,29,676
"13A",0.0132255012597172,0.411764705882353,0.232546459065796,"2:3","1",TRUE,335,29,677
"13A",0.00955868257546241,0.404174573055028,0.221128948731227,"2:3","1",TRUE,330,29,678
"13A",0.0100092155051679,0.40607210626186,0.222881813275769,"2:3","1",TRUE,321,29,679
"13A",0.0120894972505689,0.419354838709677,0.230883078441046,"2:3","1",TRUE,338,29,680
"13A",0.0128946940182916,0.442125237191651,0.23598369011213,"2:3","1",TRUE,327,29,681
"13A",0.0136588313080872,0.438330170777989,0.237417386883579,"2:3","1",TRUE,331,29,682
"13A",0.019972390234023,0.358633776091082,0.233964248159832,"2:3","1",TRUE,330,29,683
"13A",0.0193387608530783,0.404174573055028,0.24380574826561,"2:3","1",TRUE,336,29,684
"13A",0.0108243902231601,0.428842504743833,0.228778467908903,"2:3","1",TRUE,337,29,685
"13A",0.0100322914401316,0.411764705882353,0.223864836325238,"2:3","1",TRUE,329,29,686
"13A",0.013044022556851,0.432637571157495,0.235173824130879,"2:3","1",TRUE,329,29,687
"13A",0.0100786030352623,0.417457305502846,0.22489539748954,"2:3","1",TRUE,322,29,688
"13A",0.00971401433157404,0.373814041745731,0.215453194650817,"2:3","1",TRUE,334,29,689
"13A",0.0159742450379047,0.442125237191651,0.243102550754815,"2:3","1",TRUE,322,29,690
"13A",0.023197252173214,0.40607210626186,0.250636780438105,"2:3","1",TRUE,327,29,691
"13A",0.00776942786597177,0.415559772296015,0.216915422885572,"2:3","1",TRUE,340,29,692
"13A",0.0159008427254883,0.398481973434535,0.236053719008264,"2:3","1",TRUE,332,29,693
"13A",0.0152903857427699,0.428842504743833,0.239936440677966,"2:3","1",TRUE,322,29,694
"13A",0.0131042370646864,0.419354838709677,0.233446109231513,"2:3","1",TRUE,343,29,695
"13A",0.0127470749993479,0.428842504743833,0.233976029181866,"2:3","1",TRUE,333,29,696
"13A",0.0138170090294641,0.383301707779886,0.228330856859832,"2:3","1",TRUE,337,29,697
"13A",0.0139770185467667,0.428842504743833,0.23692636072572,"2:3","1",TRUE,319,29,698
"13A",0.0164596896462309,0.404174573055028,0.238357536304457,"2:3","1",TRUE,337,29,699
"13A",0.0140092421282056,0.409867172675522,0.234031936127745,"2:3","1",TRUE,338,29,700
"13A",0.00826783382510758,0.421252371916509,0.219596258000985,"2:3","1",TRUE,341,29,701
"13A",0.0102423836709577,0.417457305502846,0.225409836065574,"2:3","1",TRUE,335,29,702
"13A",0.0180894658281186,0.394686907020873,0.239619809904952,"2:3","1",TRUE,337,29,703
"13A",0.0158642681488036,0.394686907020873,0.235204081632653,"2:3","1",TRUE,336,29,704
"13A",0.0135647952035667,0.407969639468691,0.232701178882624,"2:3","1",TRUE,334,29,705
"13A",0.0116790291034157,0.404174573055028,0.227272727272727,"2:3","1",TRUE,328,29,706
"13A",0.009212901748798,0.434535104364326,0.224510813594233,"2:3","1",TRUE,327,29,707
"13A",0.00917056808665487,0.428842504743833,0.22367758186398,"2:3","1",TRUE,333,29,708
"13A",0.00900316976927265,0.489563567362429,0.227642276422764,"2:3","1",TRUE,340,29,709
"13A",0.0128059187221398,0.417457305502846,0.232438016528926,"2:3","1",TRUE,322,29,710
"13A",0.00953669601947311,0.425047438330171,0.224336504757136,"2:3","1",TRUE,336,29,711
"13A",0.016843123856664,0.407969639468691,0.239858012170385,"2:3","1",TRUE,336,29,712
"13A",0.0159742450379047,0.387096774193548,0.233866804336603,"2:3","1",TRUE,330,29,713
"13A",0.00632965643880025,0.425047438330171,0.212518929833417,"2:3","1",TRUE,335,29,714
"13A",0.0128354423693656,0.409867172675522,0.231237322515213,"2:3","1",TRUE,330,29,715
"13A",0.0115187709014161,0.417457305502846,0.229070364663585,"2:3","1",TRUE,331,29,716
"13A",0.0189857537114844,0.404174573055028,0.243229432805314,"2:3","1",TRUE,333,29,717
"13A",0.0159742450379047,0.392789373814042,0.235070575461455,"2:3","1",TRUE,317,29,718
"13A",0.0129542191878177,0.413662239089184,0.232199787460149,"2:3","1",TRUE,331,29,719
"13A",0.00934107888523878,0.459203036053131,0.227318548387097,"2:3","1",TRUE,336,29,720
"13A",0.0108994288415189,0.419354838709677,0.227655099894848,"2:3","1",TRUE,327,29,721
"13A",0.0123426706618573,0.438330170777989,0.234126984126984,"2:3","1",TRUE,338,29,722
"13A",0.00847994116913373,0.398481973434535,0.216617210682493,"2:3","1",TRUE,334,29,723
"13A",0.0115187709014161,0.442125237191651,0.232313095835424,"2:3","1",TRUE,338,29,724
"13A",0.0152201257919181,0.396584440227704,0.234225138818778,"2:3","1",TRUE,341,29,725
"13A",0.0171168301950016,0.426944971537002,0.243501326259947,"2:3","1",TRUE,318,29,726
"13A",0.0173150536839935,0.415559772296015,0.242061426340448,"2:3","1",TRUE,328,29,727
"13A",0.0176776586060148,0.447817836812144,0.247236180904523,"2:3","1",TRUE,334,29,728
"13A",0.0124856064282462,0.370018975332068,0.221994884910486,"2:3","1",TRUE,332,29,729
"13A",0.0127177546117358,0.419354838709677,0.23251326579836,"2:3","1",TRUE,340,29,730
"13A",0.0105779726610761,0.388994307400379,0.221298701298701,"2:3","1",TRUE,327,29,731
"13A",0.0127177546117358,0.394686907020873,0.228123419322205,"2:3","1",TRUE,333,29,732
"13A",0.0119236066551008,0.402277039848197,0.227547931382442,"2:3","1",TRUE,336,29,733
"13A",0.0152552153184381,0.434535104364326,0.240597878495661,"2:3","1",TRUE,349,29,734
"13A",0.0103371648020471,0.430740037950664,0.227575602255254,"2:3","1",TRUE,323,29,735
"13A",0.0153963842698605,0.444022770398482,0.242047713717694,"2:3","1",TRUE,342,29,736
"13A",0.00855841298208307,0.385199240986717,0.21424910302409,"2:3","1",TRUE,330,29,737
"13A",0.0173949843519436,0.390891840607211,0.237525987525988,"2:3","1",TRUE,324,29,738
"13A",0.018341140706763,0.411764705882353,0.243441762854145,"2:3","1",TRUE,336,29,739
"13A",0.0116253634847317,0.385199240986717,0.223365928975811,"2:3","1",TRUE,329,29,740
"13A",0.0168043818770255,0.425047438330171,0.242609582059123,"2:3","1",TRUE,339,29,741
"13A",0.0112048214524705,0.459203036053131,0.233014861995754,"2:3","1",TRUE,323,29,742
"13A",0.011492275817041,0.413662239089184,0.228391828182294,"2:3","1",TRUE,326,29,743
"13A",0.0121173692103797,0.394686907020873,0.226613306653327,"2:3","1",TRUE,342,29,744
"13A",0.00733477065271146,0.430740037950664,0.217391304347826,"2:3","1",TRUE,325,29,745
"13A",0.00743681775191527,0.432637571157495,0.217955112219451,"2:3","1",TRUE,335,29,746
"13A",0.0127470749993479,0.413662239089184,0.231635651322233,"2:3","1",TRUE,346,29,747
"13A",0.0116253634847317,0.40607210626186,0.227434982151963,"2:3","1",TRUE,327,29,748
"13A",0.016843123856664,0.442125237191651,0.244929006085193,"2:3","1",TRUE,339,29,749
"13A",0.0129542191878177,0.370018975332068,0.223136246786632,"2:3","1",TRUE,333,29,750
"13A",0.0173549730015962,0.407969639468691,0.240853658536585,"2:3","1",TRUE,331,29,751
"13A",0.0126593160066544,0.379506641366224,0.224696356275304,"2:3","1",TRUE,337,29,752
"13A",0.0137852276160493,0.40607210626186,0.23288355822089,"2:3","1",TRUE,336,29,753
"13A",0.0169598865303105,0.421252371916509,0.242290748898678,"2:3","1",TRUE,340,29,754
"13A",0.0156465806109908,0.404174573055028,0.236641221374046,"2:3","1",TRUE,330,29,755
"13A",0.0137218839286449,0.468690702087287,0.240266393442623,"2:3","1",TRUE,336,29,756
"13A",0.0137218839286449,0.404174573055028,0.232369355657027,"2:3","1",TRUE,334,29,757
"13A",0.0092767689416885,0.434535104364326,0.224742268041237,"2:3","1",TRUE,326,29,758
"13A",0.0131950804123214,0.404174573055028,0.231077694235589,"2:3","1",TRUE,333,29,759
"13A",0.0109245571356352,0.447817836812144,0.231231231231231,"2:3","1",TRUE,331,29,760
"13A",0.0108493455180763,0.455407969639469,0.231719876416066,"2:3","1",TRUE,331,29,761
"13A",0.00934107888523878,0.425047438330171,0.223755544603253,"2:3","1",TRUE,345,29,762
"13A",0.0110256509742602,0.415559772296015,0.227386306846577,"2:3","1",TRUE,337,29,763
"13A",0.0125432431459709,0.425047438330171,0.232863393291201,"2:3","1",TRUE,342,29,764
"13A",0.0134714065035536,0.421252371916509,0.234623015873016,"2:3","1",TRUE,337,29,765
"13A",0.00902392629708995,0.44022770398482,0.224531170805879,"2:3","1",TRUE,331,29,766
"13A",0.0092767689416885,0.426944971537002,0.223794549266247,"2:3","1",TRUE,327,29,767
"13A",0.0126885016658804,0.411764705882353,0.231228244654401,"2:3","1",TRUE,340,29,768
"13A",0.0140092421282056,0.404174573055028,0.233038348082596,"2:3","1",TRUE,344,29,769
"13A",0.0128650340824416,0.40607210626186,0.230617283950617,"2:3","1",TRUE,344,29,770
"13A",0.0134095048370576,0.426944971537002,0.235323886639676,"2:3","1",TRUE,333,29,771
"13A",0.00537493278070595,0.453510436432638,0.210976837865055,"2:3","1",TRUE,329,29,772
"13A",0.0102659971678737,0.398481973434535,0.222222222222222,"2:3","1",TRUE,323,29,773
"13A",0.00847994116913373,0.40607210626186,0.217928902627512,"2:3","1",TRUE,326,29,774
"13A",0.0099632227485895,0.396584440227704,0.221005475360876,"2:3","1",TRUE,342,29,775
"13A",0.0157188091851666,0.430740037950664,0.241094475993805,"2:3","1",TRUE,330,29,776
"13A",0.0184258080519768,0.417457305502846,0.244565217391304,"2:3","1",TRUE,337,29,777
"13A",0.0107746517052526,0.394686907020873,0.222959183673469,"2:3","1",TRUE,338,29,778
"13A",0.0108243902231601,0.383301707779886,0.220772442588727,"2:3","1",TRUE,325,29,779
"13A",0.0146358025439033,0.425047438330171,0.237947122861586,"2:3","1",TRUE,322,29,780
"13A",0.0214502887777117,0.40607210626186,0.247872340425532,"2:3","1",TRUE,326,29,781
"13A",0.0135335939238012,0.425047438330171,0.235385411277807,"2:3","1",TRUE,330,29,782
"13A",0.0110002901475406,0.409867172675522,0.226424609178013,"2:3","1",TRUE,332,29,783
"13A",0.00900316976927265,0.461100569259962,0.226337448559671,"2:3","1",TRUE,330,29,784
"13A",0.0116253634847317,0.394686907020873,0.22533748701973,"2:3","1",TRUE,326,29,785
"13A",0.0227214291016838,0.394686907020873,0.247524752475248,"2:3","1",TRUE,338,29,786
"13A",0.0104809835704841,0.402277039848197,0.22359608449253,"2:3","1",TRUE,326,29,787
"13A",0.0130740951450604,0.415559772296015,0.232814851981937,"2:3","1",TRUE,336,29,788
"13A",0.0110765481682881,0.419354838709677,0.228115345005149,"2:3","1",TRUE,328,29,789
"13A",0.0136903213187461,0.398481973434535,0.231222385861561,"2:3","1",TRUE,346,29,790
"13A",0.0111020848055022,0.400379506641366,0.225012556504269,"2:3","1",TRUE,340,29,791
"13A",0.0172354903007474,0.388994307400379,0.236788617886179,"2:3","1",TRUE,330,29,792
"13A",0.0192056204916626,0.421252371916509,0.2465953307393,"2:3","1",TRUE,346,29,793
"13A",0.0175155727236885,0.451612903225806,0.247295968534907,"2:3","1",TRUE,337,29,794
"13A",0.0169989870210895,0.444022770398482,0.245436105476673,"2:3","1",TRUE,325,29,795
"13A",0.0114658416757562,0.398481973434535,0.225600784698382,"2:3","1",TRUE,337,29,796
"13A",0.0104568755691695,0.392789373814042,0.221703011422638,"2:3","1",TRUE,329,29,797
"13A",0.0107746517052526,0.428842504743833,0.228643216080402,"2:3","1",TRUE,344,29,798
"13A",0.00998619264868367,0.472485768500949,0.230223123732252,"2:3","1",TRUE,326,29,799
"13A",0.0128354423693656,0.409867172675522,0.231240428790199,"2:3","1",TRUE,334,29,800
"13A",0.0160110731628858,0.415559772296015,0.23947234906139,"2:3","1",TRUE,327,29,801
"13A",0.0118415169435883,0.398481973434535,0.226605968639353,"2:3","1",TRUE,335,29,802
"13A",0.0160110731628858,0.407969639468691,0.238095238095238,"2:3","1",TRUE,335,29,803
"13A",0.0163840566958898,0.407969639468691,0.238894373149062,"2:3","1",TRUE,341,29,804
"13A",0.00881849634928588,0.451612903225806,0.224974721941355,"2:3","1",TRUE,335,29,805
"13A",0.0122576958464987,0.442125237191651,0.234335201222618,"2:3","1",TRUE,333,29,806
"13A",0.0115986232197281,0.451612903225806,0.233468972533062,"2:3","1",TRUE,334,29,807
"13A",0.018898513392954,0.373814041745731,0.236242884250474,"2:3","1",TRUE,351,29,808
"13A",0.00536256954345135,0.447817836812144,0.210447011551984,"2:3","1",TRUE,338,29,809
"13A",0.0234658907125004,0.419354838709677,0.25346062052506,"2:3","1",TRUE,345,29,810
"13A",0.00741971183709971,0.413662239089184,0.215322984476715,"2:3","1",TRUE,339,29,811
"13A",0.017636997057979,0.388994307400379,0.237574552683897,"2:3","1",TRUE,326,29,812
"13A",0.0120616894008905,0.402277039848197,0.227930174563591,"2:3","1",TRUE,331,29,813
"13A",0.0120616894008905,0.453510436432638,0.234906139015728,"2:3","1",TRUE,340,29,814
"13A",0.00768048311724786,0.409867172675522,0.215706272310046,"2:3","1",TRUE,339,29,815
"13A",0.00826783382510758,0.442125237191651,0.222163865546218,"2:3","1",TRUE,314,29,816
"13A",0.0131647295379223,0.390891840607211,0.228413654618474,"2:3","1",TRUE,330,29,817
"13A",0.0147712395636516,0.42314990512334,0.237925775292323,"2:3","1",TRUE,328,29,818
"13A",0.0188116739472724,0.432637571157495,0.247534516765286,"2:3","1",TRUE,340,29,819
"13A",0.00971401433157404,0.417457305502846,0.223790322580645,"2:3","1",TRUE,335,29,820
"13A",0.0122013712303497,0.425047438330171,0.232024477307496,"2:3","1",TRUE,330,29,821
"13A",0.0156465806109908,0.453510436432638,0.243538767395626,"2:3","1",TRUE,339,29,822
"13A",0.0130740951450604,0.419354838709677,0.233417721518987,"2:3","1",TRUE,335,29,823
"13A",0.0092341418071694,0.444022770398482,0.225674987264391,"2:3","1",TRUE,326,29,824
"13A",0.0143355923091415,0.428842504743833,0.237786640079761,"2:3","1",TRUE,336,29,825
"13A",0.0161220677578528,0.407969639468691,0.238352133398725,"2:3","1",TRUE,345,29,826
"13A",0.0105536415687598,0.442125237191651,0.229596853490659,"2:3","1",TRUE,336,29,827
"13A",0.0188550436763326,0.413662239089184,0.244744744744745,"2:3","1",TRUE,336,29,828
"13A",0.019972390234023,0.407969639468691,0.245711402623613,"2:3","1",TRUE,335,29,829
"13A",0.0135335939238012,0.428842504743833,0.235882058970515,"2:3","1",TRUE,334,29,830
"13A",0.0152552153184381,0.421252371916509,0.238776517020227,"2:3","1",TRUE,347,29,831
"13A",0.0120616894008905,0.400379506641366,0.227529532614278,"2:3","1",TRUE,331,29,832
"13A",0.0168819551547313,0.442125237191651,0.244973544973545,"2:3","1",TRUE,325,29,833
"13A",0.0122859555829397,0.447817836812144,0.235007313505607,"2:3","1",TRUE,341,29,834
"13A",0.0161964913009812,0.432637571157495,0.242364532019704,"2:3","1",TRUE,344,29,835
"13A",0.00885920475922663,0.409867172675522,0.21985446985447,"2:3","1",TRUE,328,29,836
"13A",0.016843123856664,0.436432637571158,0.244209466263847,"2:3","1",TRUE,337,29,837
"13A",0.0194728241920071,0.415559772296015,0.246186217780116,"2:3","1",TRUE,324,29,838
"13A",0.0175964290382506,0.417457305502846,0.242954324586978,"2:3","1",TRUE,351,29,839
"13A",0.0237376402523593,0.379506641366224,0.245508982035928,"2:3","1",TRUE,336,29,840
"13A",0.0084604358973738,0.407969639468691,0.218181818181818,"2:3","1",TRUE,332,29,841
"13A",0.0169598865303105,0.383301707779886,0.234939759036145,"2:3","1",TRUE,331,29,842
"13A",0.0109497433622519,0.444022770398482,0.230929989550679,"2:3","1",TRUE,322,29,843
"13A",0.0120616894008905,0.411764705882353,0.229556650246305,"2:3","1",TRUE,340,29,844
"13A",0.0152552153184381,0.407969639468691,0.236510337871911,"2:3","1",TRUE,338,29,845
"13A",0.0071843195098398,0.466793168880455,0.220050125313283,"2:3","1",TRUE,336,29,846
"13A",0.0176776586060148,0.438330170777989,0.246153846153846,"2:3","1",TRUE,342,29,847
"13A",0.0121733060519546,0.417457305502846,0.230769230769231,"2:3","1",TRUE,321,29,848
"13A",0.00832514946268765,0.483870967741935,0.225138818778395,"2:3","1",TRUE,331,29,849
"13A",0.0145016073418263,0.377609108159393,0.228511530398323,"2:3","1",TRUE,330,29,850
"13A",0.0135647952035667,0.392789373814042,0.229783037475345,"2:3","1",TRUE,331,29,851
"13A",0.00908648344327042,0.411764705882353,0.22088772845953,"2:3","1",TRUE,323,29,852
"13A",0.013440420033294,0.409867172675522,0.232731137088204,"2:3","1",TRUE,317,29,853
"13A",0.0112306538197507,0.385199240986717,0.222278998467041,"2:3","1",TRUE,331,29,854
"13A",0.0128946940182916,0.430740037950664,0.234549138804458,"2:3","1",TRUE,325,29,855
"13A",0.0133478876112631,0.461100569259962,0.238872403560831,"2:3","1",TRUE,333,29,856
"13A",0.0166503030408974,0.390891840607211,0.236060448150078,"2:3","1",TRUE,330,29,857
"13A",0.0117329424561711,0.383301707779886,0.223200414293112,"2:3","1",TRUE,336,29,858
"13A",0.0201108461227692,0.44022770398482,0.250885179564997,"2:3","1",TRUE,332,29,859
"13A",0.0133171852549512,0.411764705882353,0.232775590551181,"2:3","1",TRUE,347,29,860
"13A",0.0092767689416885,0.434535104364326,0.224713502740409,"2:3","1",TRUE,337,29,861
"13A",0.0127764629842014,0.419354838709677,0.232616308154077,"2:3","1",TRUE,338,29,862
"13A",0.0137218839286449,0.407969639468691,0.233039875712066,"2:3","1",TRUE,330,29,863
"13A",0.0115986232197281,0.432637571157495,0.231443298969072,"2:3","1",TRUE,329,29,864
"13A",0.00867748435594899,0.421252371916509,0.220981058766391,"2:3","1",TRUE,354,29,865
"13A",0.00951476003621078,0.426944971537002,0.224554039874082,"2:3","1",TRUE,328,29,866
"13A",0.0239021982266112,0.455407969639469,0.258858267716535,"2:3","1",TRUE,340,29,867
"13A",0.0142041497250367,0.449715370018975,0.239958268127282,"2:3","1",TRUE,328,29,868
"13A",0.0137535193051589,0.407969639468691,0.233150274588118,"2:3","1",TRUE,337,29,869
"13A",0.0151501886884279,0.432637571157495,0.240120060030015,"2:3","1",TRUE,337,29,870
"13A",0.0185535424693304,0.388994307400379,0.239251390996459,"2:3","1",TRUE,338,29,871
"13A",0.00574613648822457,0.430740037950664,0.210526315789474,"2:3","1",TRUE,341,29,872
"13A",0.0152903857427699,0.426944971537002,0.23963133640553,"2:3","1",TRUE,335,29,873
"13A",0.0092767689416885,0.428842504743833,0.22399588053553,"2:3","1",TRUE,327,29,874
"13A",0.0149079298926233,0.421252371916509,0.237948717948718,"2:3","1",TRUE,333,29,875
"13A",0.0160849843268859,0.411764705882353,0.238951695786228,"2:3","1",TRUE,326,29,876
"13A",0.0126885016658804,0.436432637571158,0.234769687964339,"2:3","1",TRUE,338,29,877
"13A",0.00987187028014275,0.40607210626186,0.222447943118334,"2:3","1",TRUE,331,29,878
"13A",0.0242906168602624,0.426944971537002,0.255979643765903,"2:3","1",TRUE,333,29,879
"13A",0.00978135541953655,0.368121442125237,0.214250371103414,"2:3","1",TRUE,339,29,880
"13A",0.0099632227485895,0.409867172675522,0.223398890569844,"2:3","1",TRUE,333,29,881
"13A",0.0149767486682285,0.449715370018975,0.241696474195197,"2:3","1",TRUE,325,29,882
"13A",0.0157188091851666,0.432637571157495,0.241396025206011,"2:3","1",TRUE,344,29,883
"13A",0.00710207310707007,0.47438330170778,0.220122574055158,"2:3","1",TRUE,332,29,884
"13A",0.0131647295379223,0.425047438330171,0.234479220112878,"2:3","1",TRUE,330,29,885
"13A",0.0174350879472146,0.392789373814042,0.237973387922211,"2:3","1",TRUE,333,29,886
"13A",0.0112824973587724,0.447817836812144,0.232248520710059,"2:3","1",TRUE,340,29,887
"13A",0.0123711263050916,0.455407969639469,0.235892221657346,"2:3","1",TRUE,335,29,888
"13A",0.0128650340824416,0.390891840607211,0.227697095435685,"2:3","1",TRUE,333,29,889
"13A",0.0161964913009812,0.407969639468691,0.2385,"2:3","1",TRUE,339,29,890
"13A",0.013044022556851,0.407969639468691,0.231434384537131,"2:3","1",TRUE,331,29,891
"13A",0.0185535424693304,0.419354838709677,0.245134139926355,"2:3","1",TRUE,324,29,892
"13A",0.0108743583466485,0.455407969639469,0.231738035264484,"2:3","1",TRUE,332,29,893
"13A",0.0103848837697395,0.417457305502846,0.225838758137206,"2:3","1",TRUE,335,29,894
"13A",0.0106268032587623,0.44022770398482,0.229573934837093,"2:3","1",TRUE,336,29,895
"13A",0.0128946940182916,0.40607210626186,0.230728893550079,"2:3","1",TRUE,324,29,896
"13A",0.0241790004775582,0.421252371916509,0.254901960784314,"2:3","1",TRUE,334,29,897
"13A",0.0139127935721539,0.387096774193548,0.229335881509795,"2:3","1",TRUE,352,29,898
"13A",0.0138807918383975,0.417457305502846,0.235051546391753,"2:3","1",TRUE,335,29,899
"13A",0.0151153407405839,0.445920303605313,0.241670810542019,"2:3","1",TRUE,341,29,900
"13A",0.0105536415687598,0.426944971537002,0.227697095435685,"2:3","1",TRUE,322,29,901
"13A",0.0134714065035536,0.432637571157495,0.236236236236236,"2:3","1",TRUE,337,29,902
"13A",0.00987187028014275,0.438330170777989,0.22710428798306,"2:3","1",TRUE,324,29,903
"13A",0.00938419966836185,0.430740037950664,0.224604389994895,"2:3","1",TRUE,338,29,904
"13A",0.00867748435594899,0.419354838709677,0.220752797558494,"2:3","1",TRUE,337,29,905
"13A",0.011571944461771,0.392789373814042,0.224797843665768,"2:3","1",TRUE,319,29,906
"13A",0.0112048214524705,0.419354838709677,0.2284718765555,"2:3","1",TRUE,335,29,907
"13A",0.0140092421282056,0.390891840607211,0.230428360413589,"2:3","1",TRUE,337,29,908
"13A",0.0187252335324124,0.377609108159393,0.236855538540071,"2:3","1",TRUE,331,29,909
"13A",0.015610590879359,0.447817836812144,0.242952332137365,"2:3","1",TRUE,325,29,910
"13A",0.0205793352966214,0.394686907020873,0.244031830238727,"2:3","1",TRUE,323,29,911
"13A",0.0149422996612097,0.392789373814042,0.232862375719519,"2:3","1",TRUE,332,29,912
"13A",0.0117059547416827,0.413662239089184,0.228951255539143,"2:3","1",TRUE,342,29,913
"13A",0.0118961803813181,0.430740037950664,0.231963927855711,"2:3","1",TRUE,337,29,914
"13A",0.0103609968139124,0.409867172675522,0.224563206577595,"2:3","1",TRUE,338,29,915
"13A",0.0096249468470754,0.425047438330171,0.224645030425963,"2:3","1",TRUE,341,29,916
"13A",0.0104328230202581,0.449715370018975,0.229965156794425,"2:3","1",TRUE,340,29,917
"13A",0.00955868257546241,0.394686907020873,0.219422572178478,"2:3","1",TRUE,332,29,918
"13A",0.0150112770963612,0.417457305502846,0.237613751263903,"2:3","1",TRUE,336,29,919
"13A",0.0107498682184999,0.400379506641366,0.224024328433857,"2:3","1",TRUE,333,29,920
"13A",0.0103371648020471,0.388994307400379,0.220565552699229,"2:3","1",TRUE,321,29,921
"13A",0.0131950804123214,0.413662239089184,0.232767232767233,"2:3","1",TRUE,334,29,922
"13A",0.0118688171925159,0.390891840607211,0.225165562913907,"2:3","1",TRUE,342,29,923
"13A",0.0101953194970753,0.430740037950664,0.22713567839196,"2:3","1",TRUE,336,29,924
"13A",0.0166886897965725,0.400379506641366,0.238071320944249,"2:3","1",TRUE,328,29,925
"13A",0.0142041497250367,0.392789373814042,0.23125,"2:3","1",TRUE,333,29,926
"13A",0.0234119152701823,0.40607210626186,0.25098814229249,"2:3","1",TRUE,342,29,927
"13A",0.0097588566790579,0.413662239089184,0.223369565217391,"2:3","1",TRUE,317,29,928
"13A",0.00940583464875778,0.417457305502846,0.222842639593909,"2:3","1",TRUE,337,29,929
"13A",0.0108743583466485,0.385199240986717,0.221311475409836,"2:3","1",TRUE,344,29,930
"13A",0.0131344484755704,0.444022770398482,0.236788617886179,"2:3","1",TRUE,324,29,931
"13A",0.00706943878928092,0.421252371916509,0.215098241985522,"2:3","1",TRUE,321,29,932
"13A",0.0123996475519262,0.434535104364326,0.233799896319336,"2:3","1",TRUE,329,29,933
"13A",0.0126011459293648,0.415559772296015,0.231573705179283,"2:3","1",TRUE,341,29,934
"13A",0.0118415169435883,0.404174573055028,0.227659574468085,"2:3","1",TRUE,324,29,935
"13A",0.00647710799293575,0.411764705882353,0.211267605633803,"2:3","1",TRUE,344,29,936
"13A",0.00987187028014275,0.426944971537002,0.225632740980075,"2:3","1",TRUE,321,29,937
"13A",0.0111020848055022,0.44022770398482,0.230924709449217,"2:3","1",TRUE,332,29,938
"13A",0.0165356717374034,0.438330170777989,0.243803743045018,"2:3","1",TRUE,332,29,939
"13A",0.012314280471324,0.426944971537002,0.232581453634085,"2:3","1",TRUE,338,29,940
"13A",0.00762760577387272,0.413662239089184,0.216093117408907,"2:3","1",TRUE,339,29,941
"13A",0.0161220677578528,0.40607210626186,0.237972064148991,"2:3","1",TRUE,331,29,942
"13A",0.0135960684169121,0.413662239089184,0.233706720977597,"2:3","1",TRUE,330,29,943
"13A",0.0166120045811298,0.421252371916509,0.241617357001972,"2:3","1",TRUE,342,29,944
"13A",0.0129244223342009,0.377609108159393,0.224870466321244,"2:3","1",TRUE,333,29,945
"13A",0.0150458851287108,0.430740037950664,0.239635995955511,"2:3","1",TRUE,337,29,946
"13A",0.0120894972505689,0.430740037950664,0.232512315270936,"2:3","1",TRUE,340,29,947
"13A",0.0144017690296786,0.421252371916509,0.236803157375432,"2:3","1",TRUE,342,29,948
"13A",0.0198806162801254,0.432637571157495,0.24950495049505,"2:3","1",TRUE,342,29,949
"13A",0.0116521653985844,0.444022770398482,0.23288355822089,"2:3","1",TRUE,329,29,950
"13A",0.0109749876549306,0.417457305502846,0.227523857358112,"2:3","1",TRUE,333,29,951
"13A",0.0132559922414304,0.388994307400379,0.228266148615833,"2:3","1",TRUE,341,29,952
"13A",0.00929815624388622,0.404174573055028,0.220347394540943,"2:3","1",TRUE,342,29,953
"13A",0.0119236066551008,0.4573055028463,0.234848484848485,"2:3","1",TRUE,322,29,954
"13A",0.0174752840000769,0.383301707779886,0.235955056179775,"2:3","1",TRUE,337,29,955
"13A",0.012456887461733,0.419354838709677,0.231800766283525,"2:3","1",TRUE,344,29,956
"13A",0.011571944461771,0.434535104364326,0.23160621761658,"2:3","1",TRUE,326,29,957
"13A",0.0234658907125004,0.413662239089184,0.252488213724463,"2:3","1",TRUE,327,29,958
"13A",0.0129244223342009,0.415559772296015,0.232408325074331,"2:3","1",TRUE,341,29,959
"13A",0.00900316976927265,0.398481973434535,0.218356026222895,"2:3","1",TRUE,332,29,960
"13A",0.0092767689416885,0.396584440227704,0.21886031265759,"2:3","1",TRUE,338,29,961
"13A",0.0128059187221398,0.398481973434535,0.229114557278639,"2:3","1",TRUE,340,29,962
"13A",0.0149767486682285,0.411764705882353,0.236548223350254,"2:3","1",TRUE,325,29,963
"13A",0.00881849634928588,0.402277039848197,0.218414322250639,"2:3","1",TRUE,327,29,964
"13A",0.0210102994972915,0.400379506641366,0.245953002610966,"2:3","1",TRUE,326,29,965
"13A",0.0162712584020115,0.409867172675522,0.239021956087824,"2:3","1",TRUE,341,29,966
"13A",0.0164596896462309,0.44022770398482,0.24390243902439,"2:3","1",TRUE,333,29,967
"13A",0.0188116739472724,0.407969639468691,0.243609806990089,"2:3","1",TRUE,321,29,968
"13A",0.00721748414609613,0.392789373814042,0.210957501280082,"2:3","1",TRUE,336,29,969
"13A",0.0192498984522253,0.451612903225806,0.250607090820787,"2:3","1",TRUE,346,29,970
"13A",0.00902392629708995,0.445920303605313,0.225136071251856,"2:3","1",TRUE,340,29,971
"13A",0.0120616894008905,0.436432637571158,0.233160621761658,"2:3","1",TRUE,354,29,972
"13A",0.0137218839286449,0.40607210626186,0.232707509881423,"2:3","1",TRUE,337,29,973
"13A",0.018341140706763,0.417457305502846,0.244419642857143,"2:3","1",TRUE,315,29,974
"13A",0.0140739123337516,0.444022770398482,0.239078252520403,"2:3","1",TRUE,345,29,975
"13A",0.0117059547416827,0.428842504743833,0.23120787973043,"2:3","1",TRUE,326,29,976
"13A",0.0137535193051589,0.398481973434535,0.23136495643756,"2:3","1",TRUE,343,29,977
"13A",0.00896179983419445,0.426944971537002,0.222711698482624,"2:3","1",TRUE,341,29,978
"13A",0.0211072883546926,0.444022770398482,0.253131524008351,"2:3","1",TRUE,324,29,979
"13A",0.0139127935721539,0.379506641366224,0.227633668607729,"2:3","1",TRUE,335,29,980
"13A",0.0138488637139387,0.407969639468691,0.233350812794966,"2:3","1",TRUE,326,29,981
"13A",0.0105779726610761,0.436432637571158,0.228971962616822,"2:3","1",TRUE,331,29,982
"13A",0.0151501886884279,0.432637571157495,0.240121580547112,"2:3","1",TRUE,328,29,983
"13A",0.0126593160066544,0.415559772296015,0.231770833333333,"2:3","1",TRUE,331,29,984
"13A",0.0191173698762417,0.428842504743833,0.247580234335201,"2:3","1",TRUE,326,29,985
"13A",0.0107498682184999,0.42314990512334,0.227733333333333,"2:3","1",TRUE,316,29,986
"13A",0.0210587380891587,0.404174573055028,0.246785361028684,"2:3","1",TRUE,336,29,987
"13A",0.0140739123337516,0.394686907020873,0.23134328358209,"2:3","1",TRUE,343,29,988
"13A",0.0169598865303105,0.392789373814042,0.237029501525941,"2:3","1",TRUE,340,29,989
"13A",0.00951476003621078,0.419354838709677,0.223475140953357,"2:3","1",TRUE,327,29,990
"13A",0.0134714065035536,0.411764705882353,0.233147491130258,"2:3","1",TRUE,334,29,991
"13A",0.0165737942141745,0.392789373814042,0.236282748393475,"2:3","1",TRUE,332,29,992
"13A",0.017555954331699,0.438330170777989,0.245901639344262,"2:3","1",TRUE,344,29,993
"13A",0.0154674578744341,0.407969639468691,0.236951983298539,"2:3","1",TRUE,321,29,994
"13A",0.00978135541953655,0.415559772296015,0.223710317460317,"2:3","1",TRUE,338,29,995
"13A",0.0202036828758611,0.385199240986717,0.241255144032922,"2:3","1",TRUE,340,29,996
"13A",0.00798712054474326,0.428842504743833,0.219574036511156,"2:3","1",TRUE,337,29,997
"13A",0.0109749876549306,0.426944971537002,0.228909718796251,"2:3","1",TRUE,339,29,998
"13A",0.00978135541953655,0.402277039848197,0.22146951537259,"2:3","1",TRUE,323,29,999
"13A",0.0164976369486545,0.383301707779886,0.234009360374415,"2:3","1",TRUE,328,29,1000
